ParentLocationCode,ParentLocation,SpatialDimValueCode,Location,Gdp,year,Dim1 type,Dim1,Dim1ValueCode,FactValueNumeric,Value,Level,Language,DateModified,,,,,,,,,,,FactValueUoM,FactValueNumericLowPrefix,FactValueNumericLow,FactValueNumericHighPrefix,FactValueNumericHigh,,FactValueTranslationID,FactComments
EMR,Eastern Mediterranean,AFG,Afghanistan,..,2000,Sex,Both sexes,BTSX,54.99,54.99,50.0-59.9,EN,2020-12-03T16:00:00.000Z,,,,,,,,,,,,,,,,,,
EMR,Eastern Mediterranean,AFG,Afghanistan,17.81 ,2010,Sex,Both sexes,BTSX,59.94,59.94,50.0-59.9,EN,2020-12-03T16:00:00.000Z,,,,,,,,,,,,,,,,,,
EMR,Eastern Mediterranean,AFG,Afghanistan,19.13 ,2015,Sex,Both sexes,BTSX,61.65,61.65,60.0-69.9,EN,2020-12-03T16:00:00.000Z,,,,,,,,,,,,,,,,,,
EMR,Eastern Mediterranean,AFG,Afghanistan,18.80 ,2019,Sex,Both sexes,BTSX,63.21,63.21,60.0-69.9,EN,2020-12-03T16:00:00.000Z,,,,,,,,,,,,,,,,,,
EUR,Europe,ALB,Albania,3.48 ,2000,Sex,Both sexes,BTSX,73.55,73.55,70.0-79.9,EN,2020-12-03T16:00:00.000Z,,,,,,,,,,,,,,,,,,
EUR,Europe,ALB,Albania,12.89 ,2010,Sex,Both sexes,BTSX,76.25,76.25,70.0-79.9,EN,2020-12-03T16:00:00.000Z,,,,,,,,,,,,,,,,,,
EUR,Europe,ALB,Albania,11.39 ,2015,Sex,Both sexes,BTSX,77.84,77.84,70.0-79.9,EN,2020-12-03T16:00:00.000Z,,,,,,,,,,,,,,,,,,
EUR,Europe,ALB,Albania,15.40 ,2019,Sex,Both sexes,BTSX,78,78,70.0-79.9,EN,2020-12-03T16:00:00.000Z,,,,,,,,,,,,,,,,,,
AFR,Africa,DZA,Algeria,54.79 ,2000,Sex,Both sexes,BTSX,72.21,72.21,70.0-79.9,EN,2020-12-03T16:00:00.000Z,,,,,,,,,,,,,,,,,,
AFR,Africa,DZA,Algeria,200.01 ,2010,Sex,Both sexes,BTSX,75.85,75.85,70.0-79.9,EN,2020-12-03T16:00:00.000Z,,,,,,,,,,,,,,,,,,
AFR,Africa,DZA,Algeria,165.98 ,2015,Sex,Both sexes,BTSX,76.54,76.54,70.0-79.9,EN,2020-12-03T16:00:00.000Z,,,,,,,,,,,,,,,,,,
AFR,Africa,DZA,Algeria,171.77 ,2019,Sex,Both sexes,BTSX,77.13,77.13,70.0-79.9,EN,2020-12-03T16:00:00.000Z,,,,,,,,,,,,,,,,,,
AFR,Africa,AGO,Angola,9.13 ,2000,Sex,Both sexes,BTSX,49.3,49.3,<50.0,EN,2020-12-03T16:00:00.000Z,,,,,,,,,,,,,,,,,,
AFR,Africa,AGO,Angola,111.79 ,2010,Sex,Both sexes,BTSX,58.07,58.07,50.0-59.9,EN,2020-12-03T16:00:00.000Z,,,,,,,,,,,,,,,,,,
AFR,Africa,AGO,Angola,116.19 ,2015,Sex,Both sexes,BTSX,61.72,61.72,60.0-69.9,EN,2020-12-03T16:00:00.000Z,,,,,,,,,,,,,,,,,,
AFR,Africa,AGO,Angola,89.42 ,2019,Sex,Both sexes,BTSX,63.06,63.06,60.0-69.9,EN,2020-12-03T16:00:00.000Z,,,,,,,,,,,,,,,,,,
AMR,Americas,ATG,Antigua and Barbuda,0.83 ,2000,Sex,Both sexes,BTSX,74.56,74.56,70.0-79.9,EN,2020-12-03T16:00:00.000Z,,,,,,,,,,,,,,,,,,
AMR,Americas,ATG,Antigua and Barbuda,1.14 ,2010,Sex,Both sexes,BTSX,75.95,75.95,70.0-79.9,EN,2020-12-03T16:00:00.000Z,,,,,,,,,,,,,,,,,,
AMR,Americas,ATG,Antigua and Barbuda,1.34 ,2015,Sex,Both sexes,BTSX,76.14,76.14,70.0-79.9,EN,2020-12-03T16:00:00.000Z,,,,,,,,,,,,,,,,,,
AMR,Americas,ATG,Antigua and Barbuda,1.69 ,2019,Sex,Both sexes,BTSX,76.45,76.45,70.0-79.9,EN,2020-12-03T16:00:00.000Z,,,,,,,,,,,,,,,,,,
AMR,Americas,ARG,Argentina,284.20 ,2000,Sex,Both sexes,BTSX,74.09,74.09,70.0-79.9,EN,2020-12-03T16:00:00.000Z,,,,,,,,,,,,,,,,,,
AMR,Americas,ARG,Argentina,530.16 ,2010,Sex,Both sexes,BTSX,75.44,75.44,70.0-79.9,EN,2020-12-03T16:00:00.000Z,,,,,,,,,,,,,,,,,,
AMR,Americas,ARG,Argentina,594.75 ,2015,Sex,Both sexes,BTSX,76.17,76.17,70.0-79.9,EN,2020-12-03T16:00:00.000Z,,,,,,,,,,,,,,,,,,
AMR,Americas,ARG,Argentina,451.93 ,2019,Sex,Both sexes,BTSX,76.58,76.58,70.0-79.9,EN,2020-12-03T16:00:00.000Z,,,,,,,,,,,,,,,,,,
EUR,Europe,ARM,Armenia,1.91 ,2000,Sex,Both sexes,BTSX,71.88,71.88,70.0-79.9,EN,2020-12-03T16:00:00.000Z,,,,,,,,,,,,,,,,,,
EUR,Europe,ARM,Armenia,10.14 ,2010,Sex,Both sexes,BTSX,73.12,73.12,70.0-79.9,EN,2020-12-03T16:00:00.000Z,,,,,,,,,,,,,,,,,,
EUR,Europe,ARM,Armenia,10.55 ,2015,Sex,Both sexes,BTSX,74.51,74.51,70.0-79.9,EN,2020-12-03T16:00:00.000Z,,,,,,,,,,,,,,,,,,
EUR,Europe,ARM,Armenia,13.62 ,2019,Sex,Both sexes,BTSX,76.03,76.03,70.0-79.9,EN,2020-12-03T16:00:00.000Z,,,,,,,,,,,,,,,,,,
WPR,Western Pacific,AUS,Australia,415.58 ,2000,Sex,Both sexes,BTSX,79.69,79.69,70.0-79.9,EN,2020-12-03T16:00:00.000Z,,,,,,,,,,,,,,,,,,
WPR,Western Pacific,AUS,Australia,1397.91 ,2010,Sex,Both sexes,BTSX,81.9,81.9,>80.0,EN,2020-12-03T16:00:00.000Z,,,,,,,,,,,,,,,,,,
WPR,Western Pacific,AUS,Australia,1350.53 ,2015,Sex,Both sexes,BTSX,82.28,82.28,>80.0,EN,2020-12-03T16:00:00.000Z,,,,,,,,,,,,,,,,,,
WPR,Western Pacific,AUS,Australia,1391.95 ,2019,Sex,Both sexes,BTSX,83.04,83.04,>80.0,EN,2020-12-03T16:00:00.000Z,,,,,,,,,,,,,,,,,,
EUR,Europe,AUT,Austria,196.80 ,2000,Sex,Both sexes,BTSX,78.17,78.17,70.0-79.9,EN,2020-12-03T16:00:00.000Z,,,,,,,,,,,,,,,,,,
EUR,Europe,AUT,Austria,431.12 ,2010,Sex,Both sexes,BTSX,80.39,80.39,>80.0,EN,2020-12-03T16:00:00.000Z,,,,,,,,,,,,,,,,,,
EUR,Europe,AUT,Austria,381.82 ,2015,Sex,Both sexes,BTSX,80.98,80.98,>80.0,EN,2020-12-03T16:00:00.000Z,,,,,,,,,,,,,,,,,,
EUR,Europe,AUT,Austria,445.01 ,2019,Sex,Both sexes,BTSX,81.65,81.65,>80.0,EN,2020-12-03T16:00:00.000Z,,,,,,,,,,,,,,,,,,
EUR,Europe,AZE,Azerbaijan,5.27 ,2000,Sex,Both sexes,BTSX,65.52,65.52,60.0-69.9,EN,2020-12-03T16:00:00.000Z,,,,,,,,,,,,,,,,,,
EUR,Europe,AZE,Azerbaijan,65.95 ,2010,Sex,Both sexes,BTSX,69.03,69.03,60.0-69.9,EN,2020-12-03T16:00:00.000Z,,,,,,,,,,,,,,,,,,
EUR,Europe,AZE,Azerbaijan,53.07 ,2015,Sex,Both sexes,BTSX,70.67,70.67,70.0-79.9,EN,2020-12-03T16:00:00.000Z,,,,,,,,,,,,,,,,,,
EUR,Europe,AZE,Azerbaijan,48.17 ,2019,Sex,Both sexes,BTSX,71.43,71.43,70.0-79.9,EN,2020-12-03T16:00:00.000Z,,,,,,,,,,,,,,,,,,
AMR,Americas,BHS,Bahamas,8.08 ,2000,Sex,Both sexes,BTSX,70.94,70.94,70.0-79.9,EN,2020-12-03T16:00:00.000Z,,,,,,,,,,,,,,,,,,
AMR,Americas,BHS,Bahamas,10.07 ,2010,Sex,Both sexes,BTSX,72.96,72.96,70.0-79.9,EN,2020-12-03T16:00:00.000Z,,,,,,,,,,,,,,,,,,
AMR,Americas,BHS,Bahamas,11.89 ,2015,Sex,Both sexes,BTSX,72.92,72.92,70.0-79.9,EN,2020-12-03T16:00:00.000Z,,,,,,,,,,,,,,,,,,
AMR,Americas,BHS,Bahamas,13.16 ,2019,Sex,Both sexes,BTSX,73.21,73.21,70.0-79.9,EN,2020-12-03T16:00:00.000Z,,,,,,,,,,,,,,,,,,
EMR,Eastern Mediterranean,BHR,Bahrain,9.06 ,2000,Sex,Both sexes,BTSX,70.47,70.47,70.0-79.9,EN,2020-12-03T16:00:00.000Z,,,,,,,,,,,,,,,,,,
EMR,Eastern Mediterranean,BHR,Bahrain,28.78 ,2010,Sex,Both sexes,BTSX,74.52,74.52,70.0-79.9,EN,2020-12-03T16:00:00.000Z,,,,,,,,,,,,,,,,,,
EMR,Eastern Mediterranean,BHR,Bahrain,31.05 ,2015,Sex,Both sexes,BTSX,76.46,76.46,70.0-79.9,EN,2020-12-03T16:00:00.000Z,,,,,,,,,,,,,,,,,,
EMR,Eastern Mediterranean,BHR,Bahrain,38.65 ,2019,Sex,Both sexes,BTSX,75.81,75.81,70.0-79.9,EN,2020-12-03T16:00:00.000Z,,,,,,,,,,,,,,,,,,
SEAR,South-East Asia,BGD,Bangladesh,53.37 ,2000,Sex,Both sexes,BTSX,65.59,65.59,60.0-69.9,EN,2020-12-03T16:00:00.000Z,,,,,,,,,,,,,,,,,,
SEAR,South-East Asia,BGD,Bangladesh,128.64 ,2010,Sex,Both sexes,BTSX,70.29,70.29,70.0-79.9,EN,2020-12-03T16:00:00.000Z,,,,,,,,,,,,,,,,,,
SEAR,South-East Asia,BGD,Bangladesh,195.08 ,2015,Sex,Both sexes,BTSX,73.58,73.58,70.0-79.9,EN,2020-12-03T16:00:00.000Z,,,,,,,,,,,,,,,,,,
SEAR,South-East Asia,BGD,Bangladesh,302.57 ,2019,Sex,Both sexes,BTSX,74.25,74.25,70.0-79.9,EN,2020-12-03T16:00:00.000Z,,,,,,,,,,,,,,,,,,
AMR,Americas,BRB,Barbados,3.06 ,2000,Sex,Both sexes,BTSX,74.5,74.5,70.0-79.9,EN,2020-12-03T16:00:00.000Z,,,,,,,,,,,,,,,,,,
AMR,Americas,BRB,Barbados,4.66 ,2010,Sex,Both sexes,BTSX,75.88,75.88,70.0-79.9,EN,2020-12-03T16:00:00.000Z,,,,,,,,,,,,,,,,,,
AMR,Americas,BRB,Barbados,4.72 ,2015,Sex,Both sexes,BTSX,76.22,76.22,70.0-79.9,EN,2020-12-03T16:00:00.000Z,,,,,,,,,,,,,,,,,,
AMR,Americas,BRB,Barbados,5.21 ,2019,Sex,Both sexes,BTSX,76.03,76.03,70.0-79.9,EN,2020-12-03T16:00:00.000Z,,,,,,,,,,,,,,,,,,
EUR,Europe,BLR,Belarus,12.74 ,2000,Sex,Both sexes,BTSX,68.85,68.85,60.0-69.9,EN,2020-12-03T16:00:00.000Z,,,,,,,,,,,,,,,,,,
EUR,Europe,BLR,Belarus,61.76 ,2010,Sex,Both sexes,BTSX,70.39,70.39,70.0-79.9,EN,2020-12-03T16:00:00.000Z,,,,,,,,,,,,,,,,,,
EUR,Europe,BLR,Belarus,56.45 ,2015,Sex,Both sexes,BTSX,73.82,73.82,70.0-79.9,EN,2020-12-03T16:00:00.000Z,,,,,,,,,,,,,,,,,,
EUR,Europe,BLR,Belarus,64.41 ,2019,Sex,Both sexes,BTSX,74.81,74.81,70.0-79.9,EN,2020-12-03T16:00:00.000Z,,,,,,,,,,,,,,,,,,
EUR,Europe,BEL,Belgium,236.20 ,2000,Sex,Both sexes,BTSX,77.66,77.66,70.0-79.9,EN,2020-12-03T16:00:00.000Z,,,,,,,,,,,,,,,,,,
EUR,Europe,BEL,Belgium,522.65 ,2010,Sex,Both sexes,BTSX,79.85,79.85,70.0-79.9,EN,2020-12-03T16:00:00.000Z,,,,,,,,,,,,,,,,,,
EUR,Europe,BEL,Belgium,462.15 ,2015,Sex,Both sexes,BTSX,80.71,80.71,>80.0,EN,2020-12-03T16:00:00.000Z,,,,,,,,,,,,,,,,,,
EUR,Europe,BEL,Belgium,535.29 ,2019,Sex,Both sexes,BTSX,81.42,81.42,>80.0,EN,2020-12-03T16:00:00.000Z,,,,,,,,,,,,,,,,,,
AMR,Americas,BLZ,Belize,0.83 ,2000,Sex,Both sexes,BTSX,70.34,70.34,70.0-79.9,EN,2020-12-03T16:00:00.000Z,,,,,,,,,,,,,,,,,,
AMR,Americas,BLZ,Belize,1.46 ,2010,Sex,Both sexes,BTSX,73.39,73.39,70.0-79.9,EN,2020-12-03T16:00:00.000Z,,,,,,,,,,,,,,,,,,
AMR,Americas,BLZ,Belize,1.72 ,2015,Sex,Both sexes,BTSX,74.05,74.05,70.0-79.9,EN,2020-12-03T16:00:00.000Z,,,,,,,,,,,,,,,,,,
AMR,Americas,BLZ,Belize,1.98 ,2019,Sex,Both sexes,BTSX,74.41,74.41,70.0-79.9,EN,2020-12-03T16:00:00.000Z,,,,,,,,,,,,,,,,,,
AFR,Africa,BEN,Benin,3.52 ,2000,Sex,Both sexes,BTSX,56.59,56.59,50.0-59.9,EN,2020-12-03T16:00:00.000Z,,,,,,,,,,,,,,,,,,
AFR,Africa,BEN,Benin,10.69 ,2010,Sex,Both sexes,BTSX,60.47,60.47,60.0-69.9,EN,2020-12-03T16:00:00.000Z,,,,,,,,,,,,,,,,,,
AFR,Africa,BEN,Benin,11.39 ,2015,Sex,Both sexes,BTSX,61.96,61.96,60.0-69.9,EN,2020-12-03T16:00:00.000Z,,,,,,,,,,,,,,,,,,
AFR,Africa,BEN,Benin,14.39 ,2019,Sex,Both sexes,BTSX,63.43,63.43,60.0-69.9,EN,2020-12-03T16:00:00.000Z,,,,,,,,,,,,,,,,,,
SEAR,South-East Asia,BTN,Bhutan,0.42 ,2000,Sex,Both sexes,BTSX,65.7,65.7,60.0-69.9,EN,2020-12-03T16:00:00.000Z,,,,,,,,,,,,,,,,,,
SEAR,South-East Asia,BTN,Bhutan,1.78 ,2010,Sex,Both sexes,BTSX,71.01,71.01,70.0-79.9,EN,2020-12-03T16:00:00.000Z,,,,,,,,,,,,,,,,,,
SEAR,South-East Asia,BTN,Bhutan,2.00 ,2015,Sex,Both sexes,BTSX,72.15,72.15,70.0-79.9,EN,2020-12-03T16:00:00.000Z,,,,,,,,,,,,,,,,,,
SEAR,South-East Asia,BTN,Bhutan,2.54 ,2019,Sex,Both sexes,BTSX,73.11,73.11,70.0-79.9,EN,2020-12-03T16:00:00.000Z,,,,,,,,,,,,,,,,,,
AMR,Americas,BOL,Bolivia (Plurinational State of),8.40 ,2000,Sex,Both sexes,BTSX,66.02,66.02,60.0-69.9,EN,2020-12-03T16:00:00.000Z,,,,,,,,,,,,,,,,,,
AMR,Americas,BOL,Bolivia (Plurinational State of),23.96 ,2010,Sex,Both sexes,BTSX,70.34,70.34,70.0-79.9,EN,2020-12-03T16:00:00.000Z,,,,,,,,,,,,,,,,,,
AMR,Americas,BOL,Bolivia (Plurinational State of),33.00 ,2015,Sex,Both sexes,BTSX,71.52,71.52,70.0-79.9,EN,2020-12-03T16:00:00.000Z,,,,,,,,,,,,,,,,,,
AMR,Americas,BOL,Bolivia (Plurinational State of),40.90 ,2019,Sex,Both sexes,BTSX,72.14,72.14,70.0-79.9,EN,2020-12-03T16:00:00.000Z,,,,,,,,,,,,,,,,,,
EUR,Europe,BIH,Bosnia and Herzegovina,5.57 ,2000,Sex,Both sexes,BTSX,75.42,75.42,70.0-79.9,EN,2020-12-03T16:00:00.000Z,,,,,,,,,,,,,,,,,,
EUR,Europe,BIH,Bosnia and Herzegovina,18.64 ,2010,Sex,Both sexes,BTSX,76.19,76.19,70.0-79.9,EN,2020-12-03T16:00:00.000Z,,,,,,,,,,,,,,,,,,
EUR,Europe,BIH,Bosnia and Herzegovina,16.22 ,2015,Sex,Both sexes,BTSX,76.32,76.32,70.0-79.9,EN,2020-12-03T16:00:00.000Z,,,,,,,,,,,,,,,,,,
EUR,Europe,BIH,Bosnia and Herzegovina,20.20 ,2019,Sex,Both sexes,BTSX,76.75,76.75,70.0-79.9,EN,2020-12-03T16:00:00.000Z,,,,,,,,,,,,,,,,,,
AFR,Africa,BWA,Botswana,5.79 ,2000,Sex,Both sexes,BTSX,45.59,45.59,<50.0,EN,2020-12-03T16:00:00.000Z,,,,,,,,,,,,,,,,,,
AFR,Africa,BWA,Botswana,15.35 ,2010,Sex,Both sexes,BTSX,58.14,58.14,50.0-59.9,EN,2020-12-03T16:00:00.000Z,,,,,,,,,,,,,,,,,,
AFR,Africa,BWA,Botswana,13.58 ,2015,Sex,Both sexes,BTSX,60.93,60.93,60.0-69.9,EN,2020-12-03T16:00:00.000Z,,,,,,,,,,,,,,,,,,
AFR,Africa,BWA,Botswana,16.59 ,2019,Sex,Both sexes,BTSX,62.25,62.25,60.0-69.9,EN,2020-12-03T16:00:00.000Z,,,,,,,,,,,,,,,,,,
AMR,Americas,BRA,Brazil,655.45 ,2000,Sex,Both sexes,BTSX,71.47,71.47,70.0-79.9,EN,2020-12-03T16:00:00.000Z,,,,,,,,,,,,,,,,,,
AMR,Americas,BRA,Brazil,2616.16 ,2010,Sex,Both sexes,BTSX,74.09,74.09,70.0-79.9,EN,2020-12-03T16:00:00.000Z,,,,,,,,,,,,,,,,,,
AMR,Americas,BRA,Brazil,1802.21 ,2015,Sex,Both sexes,BTSX,75.13,75.13,70.0-79.9,EN,2020-12-03T16:00:00.000Z,,,,,,,,,,,,,,,,,,
AMR,Americas,BRA,Brazil,1877.82 ,2019,Sex,Both sexes,BTSX,75.9,75.9,70.0-79.9,EN,2020-12-03T16:00:00.000Z,,,,,,,,,,,,,,,,,,
WPR,Western Pacific,BRN,Brunei Darussalam,6.00 ,2000,Sex,Both sexes,BTSX,72.2,72.2,70.0-79.9,EN,2020-12-03T16:00:00.000Z,,,,,,,,,,,,,,,,,,
WPR,Western Pacific,BRN,Brunei Darussalam,18.53 ,2010,Sex,Both sexes,BTSX,74.57,74.57,70.0-79.9,EN,2020-12-03T16:00:00.000Z,,,,,,,,,,,,,,,,,,
WPR,Western Pacific,BRN,Brunei Darussalam,12.93 ,2015,Sex,Both sexes,BTSX,74.4,74.4,70.0-79.9,EN,2020-12-03T16:00:00.000Z,,,,,,,,,,,,,,,,,,
WPR,Western Pacific,BRN,Brunei Darussalam,13.47 ,2019,Sex,Both sexes,BTSX,74.32,74.32,70.0-79.9,EN,2020-12-03T16:00:00.000Z,,,,,,,,,,,,,,,,,,
EUR,Europe,BGR,Bulgaria,13.25 ,2000,Sex,Both sexes,BTSX,71.61,71.61,70.0-79.9,EN,2020-12-03T16:00:00.000Z,,,,,,,,,,,,,,,,,,
EUR,Europe,BGR,Bulgaria,57.68 ,2010,Sex,Both sexes,BTSX,73.64,73.64,70.0-79.9,EN,2020-12-03T16:00:00.000Z,,,,,,,,,,,,,,,,,,
EUR,Europe,BGR,Bulgaria,50.78 ,2015,Sex,Both sexes,BTSX,74.55,74.55,70.0-79.9,EN,2020-12-03T16:00:00.000Z,,,,,,,,,,,,,,,,,,
EUR,Europe,BGR,Bulgaria,68.92 ,2019,Sex,Both sexes,BTSX,75.07,75.07,70.0-79.9,EN,2020-12-03T16:00:00.000Z,,,,,,,,,,,,,,,,,,
AFR,Africa,BFA,Burkina Faso,2.97 ,2000,Sex,Both sexes,BTSX,51.64,51.64,50.0-59.9,EN,2020-12-03T16:00:00.000Z,,,,,,,,,,,,,,,,,,
AFR,Africa,BFA,Burkina Faso,12.08 ,2010,Sex,Both sexes,BTSX,58.59,58.59,50.0-59.9,EN,2020-12-03T16:00:00.000Z,,,,,,,,,,,,,,,,,,
AFR,Africa,BFA,Burkina Faso,11.83 ,2015,Sex,Both sexes,BTSX,60.92,60.92,60.0-69.9,EN,2020-12-03T16:00:00.000Z,,,,,,,,,,,,,,,,,,
AFR,Africa,BFA,Burkina Faso,16.18 ,2019,Sex,Both sexes,BTSX,62.7,62.7,60.0-69.9,EN,2020-12-03T16:00:00.000Z,,,,,,,,,,,,,,,,,,
AFR,Africa,BDI,Burundi,0.87 ,2000,Sex,Both sexes,BTSX,43.78,43.78,<50.0,EN,2020-12-03T16:00:00.000Z,,,,,,,,,,,,,,,,,,
AFR,Africa,BDI,Burundi,2.24 ,2010,Sex,Both sexes,BTSX,58.6,58.6,50.0-59.9,EN,2020-12-03T16:00:00.000Z,,,,,,,,,,,,,,,,,,
AFR,Africa,BDI,Burundi,3.10 ,2015,Sex,Both sexes,BTSX,62.05,62.05,60.0-69.9,EN,2020-12-03T16:00:00.000Z,,,,,,,,,,,,,,,,,,
AFR,Africa,BDI,Burundi,2.63 ,2019,Sex,Both sexes,BTSX,63.84,63.84,60.0-69.9,EN,2020-12-03T16:00:00.000Z,,,,,,,,,,,,,,,,,,
AFR,Africa,CPV,Cabo Verde,0.54 ,2000,Sex,Both sexes,BTSX,70.97,70.97,70.0-79.9,EN,2020-12-03T16:00:00.000Z,,,,,,,,,,,,,,,,,,
AFR,Africa,CPV,Cabo Verde,1.87 ,2010,Sex,Both sexes,BTSX,74.12,74.12,70.0-79.9,EN,2020-12-03T16:00:00.000Z,,,,,,,,,,,,,,,,,,
AFR,Africa,CPV,Cabo Verde,1.60 ,2015,Sex,Both sexes,BTSX,74.88,74.88,70.0-79.9,EN,2020-12-03T16:00:00.000Z,,,,,,,,,,,,,,,,,,
AFR,Africa,CPV,Cabo Verde,1.98 ,2019,Sex,Both sexes,BTSX,74.03,74.03,70.0-79.9,EN,2020-12-03T16:00:00.000Z,,,,,,,,,,,,,,,,,,
WPR,Western Pacific,KHM,Cambodia,3.65 ,2000,Sex,Both sexes,BTSX,58.68,58.68,50.0-59.9,EN,2020-12-03T16:00:00.000Z,,,,,,,,,,,,,,,,,,
WPR,Western Pacific,KHM,Cambodia,12.83 ,2010,Sex,Both sexes,BTSX,67.22,67.22,60.0-69.9,EN,2020-12-03T16:00:00.000Z,,,,,,,,,,,,,,,,,,
WPR,Western Pacific,KHM,Cambodia,18.05 ,2015,Sex,Both sexes,BTSX,69.17,69.17,60.0-69.9,EN,2020-12-03T16:00:00.000Z,,,,,,,,,,,,,,,,,,
WPR,Western Pacific,KHM,Cambodia,27.09 ,2019,Sex,Both sexes,BTSX,70.12,70.12,70.0-79.9,EN,2020-12-03T16:00:00.000Z,,,,,,,,,,,,,,,,,,
AFR,Africa,CMR,Cameroon,10.57 ,2000,Sex,Both sexes,BTSX,52.82,52.82,50.0-59.9,EN,2020-12-03T16:00:00.000Z,,,,,,,,,,,,,,,,,,
AFR,Africa,CMR,Cameroon,30.63 ,2010,Sex,Both sexes,BTSX,56.58,56.58,50.0-59.9,EN,2020-12-03T16:00:00.000Z,,,,,,,,,,,,,,,,,,
AFR,Africa,CMR,Cameroon,32.21 ,2015,Sex,Both sexes,BTSX,59.11,59.11,50.0-59.9,EN,2020-12-03T16:00:00.000Z,,,,,,,,,,,,,,,,,,
AFR,Africa,CMR,Cameroon,39.67 ,2019,Sex,Both sexes,BTSX,62.36,62.36,60.0-69.9,EN,2020-12-03T16:00:00.000Z,,,,,,,,,,,,,,,,,,
AMR,Americas,CAN,Canada,744.77 ,2000,Sex,Both sexes,BTSX,79.1,79.1,70.0-79.9,EN,2020-12-03T16:00:00.000Z,,,,,,,,,,,,,,,,,,
AMR,Americas,CAN,Canada,1793.33 ,2010,Sex,Both sexes,BTSX,81.31,81.31,>80.0,EN,2020-12-03T16:00:00.000Z,,,,,,,,,,,,,,,,,,
AMR,Americas,CAN,Canada,1556.51 ,2015,Sex,Both sexes,BTSX,81.76,81.76,>80.0,EN,2020-12-03T16:00:00.000Z,,,,,,,,,,,,,,,,,,
AMR,Americas,CAN,Canada,1742.02 ,2019,Sex,Both sexes,BTSX,82.24,82.24,>80.0,EN,2020-12-03T16:00:00.000Z,,,,,,,,,,,,,,,,,,
AFR,Africa,CAF,Central African Republic,0.91 ,2000,Sex,Both sexes,BTSX,44.34,44.34,<50.0,EN,2020-12-03T16:00:00.000Z,,,,,,,,,,,,,,,,,,
AFR,Africa,CAF,Central African Republic,2.44 ,2010,Sex,Both sexes,BTSX,48.51,48.51,<50.0,EN,2020-12-03T16:00:00.000Z,,,,,,,,,,,,,,,,,,
AFR,Africa,CAF,Central African Republic,1.70 ,2015,Sex,Both sexes,BTSX,50.53,50.53,50.0-59.9,EN,2020-12-03T16:00:00.000Z,,,,,,,,,,,,,,,,,,
AFR,Africa,CAF,Central African Republic,2.22 ,2019,Sex,Both sexes,BTSX,53.1,53.1,50.0-59.9,EN,2020-12-03T16:00:00.000Z,,,,,,,,,,,,,,,,,,
AFR,Africa,TCD,Chad,1.39 ,2000,Sex,Both sexes,BTSX,51.08,51.08,50.0-59.9,EN,2020-12-03T16:00:00.000Z,,,,,,,,,,,,,,,,,,
AFR,Africa,TCD,Chad,12.17 ,2010,Sex,Both sexes,BTSX,55.65,55.65,50.0-59.9,EN,2020-12-03T16:00:00.000Z,,,,,,,,,,,,,,,,,,
AFR,Africa,TCD,Chad,10.95 ,2015,Sex,Both sexes,BTSX,57.91,57.91,50.0-59.9,EN,2020-12-03T16:00:00.000Z,,,,,,,,,,,,,,,,,,
AFR,Africa,TCD,Chad,11.31 ,2019,Sex,Both sexes,BTSX,59.63,59.63,50.0-59.9,EN,2020-12-03T16:00:00.000Z,,,,,,,,,,,,,,,,,,
AMR,Americas,CHL,Chile,77.86 ,2000,Sex,Both sexes,BTSX,76.77,76.77,70.0-79.9,EN,2020-12-03T16:00:00.000Z,,,,,,,,,,,,,,,,,,
AMR,Americas,CHL,Chile,252.25 ,2010,Sex,Both sexes,BTSX,78.46,78.46,70.0-79.9,EN,2020-12-03T16:00:00.000Z,,,,,,,,,,,,,,,,,,
AMR,Americas,CHL,Chile,243.92 ,2015,Sex,Both sexes,BTSX,79.82,79.82,70.0-79.9,EN,2020-12-03T16:00:00.000Z,,,,,,,,,,,,,,,,,,
AMR,Americas,CHL,Chile,279.39 ,2019,Sex,Both sexes,BTSX,80.74,80.74,>80.0,EN,2020-12-03T16:00:00.000Z,,,,,,,,,,,,,,,,,,
WPR,Western Pacific,CHN,China,1211.35 ,2000,Sex,Both sexes,BTSX,71.58,71.58,70.0-79.9,EN,2020-12-03T16:00:00.000Z,,,,,,,,,,,,,,,,,,
WPR,Western Pacific,CHN,China,7551.50 ,2010,Sex,Both sexes,BTSX,74.89,74.89,70.0-79.9,EN,2020-12-03T16:00:00.000Z,,,,,,,,,,,,,,,,,,
WPR,Western Pacific,CHN,China,11061.55 ,2015,Sex,Both sexes,BTSX,76.64,76.64,70.0-79.9,EN,2020-12-03T16:00:00.000Z,,,,,,,,,,,,,,,,,,
WPR,Western Pacific,CHN,China,14279.94 ,2019,Sex,Both sexes,BTSX,77.43,77.43,70.0-79.9,EN,2020-12-03T16:00:00.000Z,,,,,,,,,,,,,,,,,,
AMR,Americas,COL,Colombia,99.89 ,2000,Sex,Both sexes,BTSX,73.75,73.75,70.0-79.9,EN,2020-12-03T16:00:00.000Z,,,,,,,,,,,,,,,,,,
AMR,Americas,COL,Colombia,334.94 ,2010,Sex,Both sexes,BTSX,77.09,77.09,70.0-79.9,EN,2020-12-03T16:00:00.000Z,,,,,,,,,,,,,,,,,,
AMR,Americas,COL,Colombia,293.48 ,2015,Sex,Both sexes,BTSX,78.35,78.35,70.0-79.9,EN,2020-12-03T16:00:00.000Z,,,,,,,,,,,,,,,,,,
AMR,Americas,COL,Colombia,323.43 ,2019,Sex,Both sexes,BTSX,79.31,79.31,70.0-79.9,EN,2020-12-03T16:00:00.000Z,,,,,,,,,,,,,,,,,,
AFR,Africa,COM,Comoros,0.35 ,2000,Sex,Both sexes,BTSX,61.51,61.51,60.0-69.9,EN,2020-12-03T16:00:00.000Z,,,,,,,,,,,,,,,,,,
AFR,Africa,COM,Comoros,1.02 ,2010,Sex,Both sexes,BTSX,64.98,64.98,60.0-69.9,EN,2020-12-03T16:00:00.000Z,,,,,,,,,,,,,,,,,,
AFR,Africa,COM,Comoros,0.97 ,2015,Sex,Both sexes,BTSX,66.45,66.45,60.0-69.9,EN,2020-12-03T16:00:00.000Z,,,,,,,,,,,,,,,,,,
AFR,Africa,COM,Comoros,1.19 ,2019,Sex,Both sexes,BTSX,67.39,67.39,60.0-69.9,EN,2020-12-03T16:00:00.000Z,,,,,,,,,,,,,,,,,,
AFR,Africa,COG,Congo,3.23 ,2000,Sex,Both sexes,BTSX,52.12,52.12,50.0-59.9,EN,2020-12-03T16:00:00.000Z,,,,,,,,,,,,,,,,,,
AFR,Africa,COG,Congo,15.63 ,2010,Sex,Both sexes,BTSX,60.95,60.95,60.0-69.9,EN,2020-12-03T16:00:00.000Z,,,,,,,,,,,,,,,,,,
AFR,Africa,COG,Congo,11.89 ,2015,Sex,Both sexes,BTSX,63.11,63.11,60.0-69.9,EN,2020-12-03T16:00:00.000Z,,,,,,,,,,,,,,,,,,
AFR,Africa,COG,Congo,12.75 ,2019,Sex,Both sexes,BTSX,64.74,64.74,60.0-69.9,EN,2020-12-03T16:00:00.000Z,,,,,,,,,,,,,,,,,,
AMR,Americas,CRI,Costa Rica,15.01 ,2000,Sex,Both sexes,BTSX,78,78,70.0-79.9,EN,2020-12-03T16:00:00.000Z,,,,,,,,,,,,,,,,,,
AMR,Americas,CRI,Costa Rica,42.76 ,2010,Sex,Both sexes,BTSX,79.56,79.56,70.0-79.9,EN,2020-12-03T16:00:00.000Z,,,,,,,,,,,,,,,,,,
AMR,Americas,CRI,Costa Rica,56.44 ,2015,Sex,Both sexes,BTSX,80.78,80.78,>80.0,EN,2020-12-03T16:00:00.000Z,,,,,,,,,,,,,,,,,,
AMR,Americas,CRI,Costa Rica,64.07 ,2019,Sex,Both sexes,BTSX,80.85,80.85,>80.0,EN,2020-12-03T16:00:00.000Z,,,,,,,,,,,,,,,,,,
EUR,Europe,HRV,Croatia,21.84 ,2000,Sex,Both sexes,BTSX,74.36,74.36,70.0-79.9,EN,2020-12-03T16:00:00.000Z,,,,,,,,,,,,,,,,,,
EUR,Europe,HRV,Croatia,63.17 ,2010,Sex,Both sexes,BTSX,76.72,76.72,70.0-79.9,EN,2020-12-03T16:00:00.000Z,,,,,,,,,,,,,,,,,,
EUR,Europe,HRV,Croatia,50.16 ,2015,Sex,Both sexes,BTSX,77.58,77.58,70.0-79.9,EN,2020-12-03T16:00:00.000Z,,,,,,,,,,,,,,,,,,
EUR,Europe,HRV,Croatia,62.25 ,2019,Sex,Both sexes,BTSX,78.64,78.64,70.0-79.9,EN,2020-12-03T16:00:00.000Z,,,,,,,,,,,,,,,,,,
AMR,Americas,CUB,Cuba,30.57 ,2000,Sex,Both sexes,BTSX,76.76,76.76,70.0-79.9,EN,2020-12-03T16:00:00.000Z,,,,,,,,,,,,,,,,,,
AMR,Americas,CUB,Cuba,68.99 ,2010,Sex,Both sexes,BTSX,77.65,77.65,70.0-79.9,EN,2020-12-03T16:00:00.000Z,,,,,,,,,,,,,,,,,,
AMR,Americas,CUB,Cuba,87.13 ,2015,Sex,Both sexes,BTSX,77.91,77.91,70.0-79.9,EN,2020-12-03T16:00:00.000Z,,,,,,,,,,,,,,,,,,
AMR,Americas,CUB,Cuba,103.43 ,2019,Sex,Both sexes,BTSX,77.76,77.76,70.0-79.9,EN,2020-12-03T16:00:00.000Z,,,,,,,,,,,,,,,,,,
EUR,Europe,CYP,Cyprus,9.99 ,2000,Sex,Both sexes,BTSX,78.75,78.75,70.0-79.9,EN,2020-12-03T16:00:00.000Z,,,,,,,,,,,,,,,,,,
EUR,Europe,CYP,Cyprus,27.57 ,2010,Sex,Both sexes,BTSX,81.02,81.02,>80.0,EN,2020-12-03T16:00:00.000Z,,,,,,,,,,,,,,,,,,
EUR,Europe,CYP,Cyprus,19.84 ,2015,Sex,Both sexes,BTSX,82.01,82.01,>80.0,EN,2020-12-03T16:00:00.000Z,,,,,,,,,,,,,,,,,,
EUR,Europe,CYP,Cyprus,25.76 ,2019,Sex,Both sexes,BTSX,83.14,83.14,>80.0,EN,2020-12-03T16:00:00.000Z,,,,,,,,,,,,,,,,,,
EUR,Europe,CZE,Czechia,61.83 ,2000,Sex,Both sexes,BTSX,74.95,74.95,70.0-79.9,EN,2020-12-03T16:00:00.000Z,,,,,,,,,,,,,,,,,,
EUR,Europe,CZE,Czechia,229.56 ,2010,Sex,Both sexes,BTSX,77.56,77.56,70.0-79.9,EN,2020-12-03T16:00:00.000Z,,,,,,,,,,,,,,,,,,
EUR,Europe,CZE,Czechia,188.03 ,2015,Sex,Both sexes,BTSX,78.46,78.46,70.0-79.9,EN,2020-12-03T16:00:00.000Z,,,,,,,,,,,,,,,,,,
EUR,Europe,CZE,Czechia,252.50 ,2019,Sex,Both sexes,BTSX,79.13,79.13,70.0-79.9,EN,2020-12-03T16:00:00.000Z,,,,,,,,,,,,,,,,,,
AFR,Africa,CIV,Côte d’Ivoire,16.58 ,2000,Sex,Both sexes,BTSX,50.33,50.33,50.0-59.9,EN,2020-12-03T16:00:00.000Z,,,,,,,,,,,,,,,,,,
AFR,Africa,CIV,Côte d’Ivoire,36.69 ,2010,Sex,Both sexes,BTSX,56.62,56.62,50.0-59.9,EN,2020-12-03T16:00:00.000Z,,,,,,,,,,,,,,,,,,
AFR,Africa,CIV,Côte d’Ivoire,45.81 ,2015,Sex,Both sexes,BTSX,60.2,60.2,60.0-69.9,EN,2020-12-03T16:00:00.000Z,,,,,,,,,,,,,,,,,,
AFR,Africa,CIV,Côte d’Ivoire,58.54 ,2019,Sex,Both sexes,BTSX,62.92,62.92,60.0-69.9,EN,2020-12-03T16:00:00.000Z,,,,,,,,,,,,,,,,,,
SEAR,South-East Asia,PRK,Democratic People's Republic of Korea,..,2000,Sex,Both sexes,BTSX,63.95,63.95,60.0-69.9,EN,2020-12-03T16:00:00.000Z,,,,,,,,,,,,,,,,,,
SEAR,South-East Asia,PRK,Democratic People's Republic of Korea,..,2010,Sex,Both sexes,BTSX,70.18,70.18,70.0-79.9,EN,2020-12-03T16:00:00.000Z,,,,,,,,,,,,,,,,,,
SEAR,South-East Asia,PRK,Democratic People's Republic of Korea,..,2015,Sex,Both sexes,BTSX,71.76,71.76,70.0-79.9,EN,2020-12-03T16:00:00.000Z,,,,,,,,,,,,,,,,,,
SEAR,South-East Asia,PRK,Democratic People's Republic of Korea,..,2019,Sex,Both sexes,BTSX,72.63,72.63,70.0-79.9,EN,2020-12-03T16:00:00.000Z,,,,,,,,,,,,,,,,,,
AFR,Africa,COD,Democratic Republic of the Congo,19.09 ,2000,Sex,Both sexes,BTSX,52.44,52.44,50.0-59.9,EN,2020-12-03T16:00:00.000Z,,,,,,,,,,,,,,,,,,
AFR,Africa,COD,Democratic Republic of the Congo,25.84 ,2010,Sex,Both sexes,BTSX,57.51,57.51,50.0-59.9,EN,2020-12-03T16:00:00.000Z,,,,,,,,,,,,,,,,,,
AFR,Africa,COD,Democratic Republic of the Congo,37.92 ,2015,Sex,Both sexes,BTSX,60.44,60.44,60.0-69.9,EN,2020-12-03T16:00:00.000Z,,,,,,,,,,,,,,,,,,
AFR,Africa,COD,Democratic Republic of the Congo,50.40 ,2019,Sex,Both sexes,BTSX,62.35,62.35,60.0-69.9,EN,2020-12-03T16:00:00.000Z,,,,,,,,,,,,,,,,,,
EUR,Europe,DNK,Denmark,164.16 ,2000,Sex,Both sexes,BTSX,76.93,76.93,70.0-79.9,EN,2020-12-03T16:00:00.000Z,,,,,,,,,,,,,,,,,,
EUR,Europe,DNK,Denmark,344.00 ,2010,Sex,Both sexes,BTSX,79.17,79.17,70.0-79.9,EN,2020-12-03T16:00:00.000Z,,,,,,,,,,,,,,,,,,
EUR,Europe,DNK,Denmark,302.67 ,2015,Sex,Both sexes,BTSX,80.59,80.59,>80.0,EN,2020-12-03T16:00:00.000Z,,,,,,,,,,,,,,,,,,
EUR,Europe,DNK,Denmark,347.56 ,2019,Sex,Both sexes,BTSX,81.32,81.32,>80.0,EN,2020-12-03T16:00:00.000Z,,,,,,,,,,,,,,,,,,
EMR,Eastern Mediterranean,DJI,Djibouti,0.55 ,2000,Sex,Both sexes,BTSX,59.84,59.84,50.0-59.9,EN,2020-12-03T16:00:00.000Z,,,,,,,,,,,,,,,,,,
EMR,Eastern Mediterranean,DJI,Djibouti,1.24 ,2010,Sex,Both sexes,BTSX,61.87,61.87,60.0-69.9,EN,2020-12-03T16:00:00.000Z,,,,,,,,,,,,,,,,,,
EMR,Eastern Mediterranean,DJI,Djibouti,2.43 ,2015,Sex,Both sexes,BTSX,64.64,64.64,60.0-69.9,EN,2020-12-03T16:00:00.000Z,,,,,,,,,,,,,,,,,,
EMR,Eastern Mediterranean,DJI,Djibouti,3.32 ,2019,Sex,Both sexes,BTSX,65.81,65.81,60.0-69.9,EN,2020-12-03T16:00:00.000Z,,,,,,,,,,,,,,,,,,
AMR,Americas,DOM,Dominican Republic,24.31 ,2000,Sex,Both sexes,BTSX,73.22,73.22,70.0-79.9,EN,2020-12-03T16:00:00.000Z,,,,,,,,,,,,,,,,,,
AMR,Americas,DOM,Dominican Republic,58.03 ,2010,Sex,Both sexes,BTSX,73.17,73.17,70.0-79.9,EN,2020-12-03T16:00:00.000Z,,,,,,,,,,,,,,,,,,
AMR,Americas,DOM,Dominican Republic,71.16 ,2015,Sex,Both sexes,BTSX,71.75,71.75,70.0-79.9,EN,2020-12-03T16:00:00.000Z,,,,,,,,,,,,,,,,,,
AMR,Americas,DOM,Dominican Republic,88.94 ,2019,Sex,Both sexes,BTSX,72.84,72.84,70.0-79.9,EN,2020-12-03T16:00:00.000Z,,,,,,,,,,,,,,,,,,
AMR,Americas,ECU,Ecuador,18.33 ,2000,Sex,Both sexes,BTSX,74.53,74.53,70.0-79.9,EN,2020-12-03T16:00:00.000Z,,,,,,,,,,,,,,,,,,
AMR,Americas,ECU,Ecuador,79.28 ,2010,Sex,Both sexes,BTSX,75.02,75.02,70.0-79.9,EN,2020-12-03T16:00:00.000Z,,,,,,,,,,,,,,,,,,
AMR,Americas,ECU,Ecuador,99.29 ,2015,Sex,Both sexes,BTSX,77.18,77.18,70.0-79.9,EN,2020-12-03T16:00:00.000Z,,,,,,,,,,,,,,,,,,
AMR,Americas,ECU,Ecuador,108.11 ,2019,Sex,Both sexes,BTSX,78.45,78.45,70.0-79.9,EN,2020-12-03T16:00:00.000Z,,,,,,,,,,,,,,,,,,
EMR,Eastern Mediterranean,EGY,Egypt,99.84 ,2000,Sex,Both sexes,BTSX,69.82,69.82,60.0-69.9,EN,2020-12-03T16:00:00.000Z,,,,,,,,,,,,,,,,,,
EMR,Eastern Mediterranean,EGY,Egypt,235.99 ,2010,Sex,Both sexes,BTSX,70.2,70.2,70.0-79.9,EN,2020-12-03T16:00:00.000Z,,,,,,,,,,,,,,,,,,
EMR,Eastern Mediterranean,EGY,Egypt,329.37 ,2015,Sex,Both sexes,BTSX,70.49,70.49,70.0-79.9,EN,2020-12-03T16:00:00.000Z,,,,,,,,,,,,,,,,,,
EMR,Eastern Mediterranean,EGY,Egypt,303.08 ,2019,Sex,Both sexes,BTSX,71.82,71.82,70.0-79.9,EN,2020-12-03T16:00:00.000Z,,,,,,,,,,,,,,,,,,
AMR,Americas,SLV,El Salvador,11.78 ,2000,Sex,Both sexes,BTSX,72.5,72.5,70.0-79.9,EN,2020-12-03T16:00:00.000Z,,,,,,,,,,,,,,,,,,
AMR,Americas,SLV,El Salvador,20.28 ,2010,Sex,Both sexes,BTSX,74.5,74.5,70.0-79.9,EN,2020-12-03T16:00:00.000Z,,,,,,,,,,,,,,,,,,
AMR,Americas,SLV,El Salvador,23.44 ,2015,Sex,Both sexes,BTSX,73.25,73.25,70.0-79.9,EN,2020-12-03T16:00:00.000Z,,,,,,,,,,,,,,,,,,
AMR,Americas,SLV,El Salvador,26.90 ,2019,Sex,Both sexes,BTSX,75.03,75.03,70.0-79.9,EN,2020-12-03T16:00:00.000Z,,,,,,,,,,,,,,,,,,
AFR,Africa,GNQ,Equatorial Guinea,1.05 ,2000,Sex,Both sexes,BTSX,54.31,54.31,50.0-59.9,EN,2020-12-03T16:00:00.000Z,,,,,,,,,,,,,,,,,,
AFR,Africa,GNQ,Equatorial Guinea,21.36 ,2010,Sex,Both sexes,BTSX,59.65,59.65,50.0-59.9,EN,2020-12-03T16:00:00.000Z,,,,,,,,,,,,,,,,,,
AFR,Africa,GNQ,Equatorial Guinea,13.19 ,2015,Sex,Both sexes,BTSX,61.13,61.13,60.0-69.9,EN,2020-12-03T16:00:00.000Z,,,,,,,,,,,,,,,,,,
AFR,Africa,GNQ,Equatorial Guinea,11.42 ,2019,Sex,Both sexes,BTSX,62.19,62.19,60.0-69.9,EN,2020-12-03T16:00:00.000Z,,,,,,,,,,,,,,,,,,
AFR,Africa,ERI,Eritrea,0.71 ,2000,Sex,Both sexes,BTSX,54.51,54.51,50.0-59.9,EN,2020-12-03T16:00:00.000Z,,,,,,,,,,,,,,,,,,
AFR,Africa,ERI,Eritrea,2.07 ,2010,Sex,Both sexes,BTSX,60.7,60.7,60.0-69.9,EN,2020-12-03T16:00:00.000Z,,,,,,,,,,,,,,,,,,
AFR,Africa,ERI,Eritrea,..,2015,Sex,Both sexes,BTSX,62.29,62.29,60.0-69.9,EN,2020-12-03T16:00:00.000Z,,,,,,,,,,,,,,,,,,
AFR,Africa,ERI,Eritrea,..,2019,Sex,Both sexes,BTSX,64.08,64.08,60.0-69.9,EN,2020-12-03T16:00:00.000Z,,,,,,,,,,,,,,,,,,
EUR,Europe,EST,Estonia,5.69 ,2000,Sex,Both sexes,BTSX,70.94,70.94,70.0-79.9,EN,2020-12-03T16:00:00.000Z,,,,,,,,,,,,,,,,,,
EUR,Europe,EST,Estonia,23.18 ,2010,Sex,Both sexes,BTSX,75.87,75.87,70.0-79.9,EN,2020-12-03T16:00:00.000Z,,,,,,,,,,,,,,,,,,
EUR,Europe,EST,Estonia,22.88 ,2015,Sex,Both sexes,BTSX,77.6,77.6,70.0-79.9,EN,2020-12-03T16:00:00.000Z,,,,,,,,,,,,,,,,,,
EUR,Europe,EST,Estonia,31.05 ,2019,Sex,Both sexes,BTSX,78.88,78.88,70.0-79.9,EN,2020-12-03T16:00:00.000Z,,,,,,,,,,,,,,,,,,
AFR,Africa,SWZ,Eswatini,1.74 ,2000,Sex,Both sexes,BTSX,47.05,47.05,<50.0,EN,2020-12-03T16:00:00.000Z,,,,,,,,,,,,,,,,,,
AFR,Africa,SWZ,Eswatini,4.82 ,2010,Sex,Both sexes,BTSX,47.43,47.43,<50.0,EN,2020-12-03T16:00:00.000Z,,,,,,,,,,,,,,,,,,
AFR,Africa,SWZ,Eswatini,4.06 ,2015,Sex,Both sexes,BTSX,54.05,54.05,50.0-59.9,EN,2020-12-03T16:00:00.000Z,,,,,,,,,,,,,,,,,,
AFR,Africa,SWZ,Eswatini,4.50 ,2019,Sex,Both sexes,BTSX,57.73,57.73,50.0-59.9,EN,2020-12-03T16:00:00.000Z,,,,,,,,,,,,,,,,,,
AFR,Africa,ETH,Ethiopia,8.24 ,2000,Sex,Both sexes,BTSX,50.58,50.58,50.0-59.9,EN,2020-12-03T16:00:00.000Z,,,,,,,,,,,,,,,,,,
AFR,Africa,ETH,Ethiopia,31.95 ,2010,Sex,Both sexes,BTSX,62.92,62.92,60.0-69.9,EN,2020-12-03T16:00:00.000Z,,,,,,,,,,,,,,,,,,
AFR,Africa,ETH,Ethiopia,64.59 ,2015,Sex,Both sexes,BTSX,66.82,66.82,60.0-69.9,EN,2020-12-03T16:00:00.000Z,,,,,,,,,,,,,,,,,,
AFR,Africa,ETH,Ethiopia,95.91 ,2019,Sex,Both sexes,BTSX,68.7,68.7,60.0-69.9,EN,2020-12-03T16:00:00.000Z,,,,,,,,,,,,,,,,,,
WPR,Western Pacific,FJI,Fiji,1.68 ,2000,Sex,Both sexes,BTSX,65.9,65.9,60.0-69.9,EN,2020-12-03T16:00:00.000Z,,,,,,,,,,,,,,,,,,
WPR,Western Pacific,FJI,Fiji,3.77 ,2010,Sex,Both sexes,BTSX,67.6,67.6,60.0-69.9,EN,2020-12-03T16:00:00.000Z,,,,,,,,,,,,,,,,,,
WPR,Western Pacific,FJI,Fiji,4.68 ,2015,Sex,Both sexes,BTSX,67.83,67.83,60.0-69.9,EN,2020-12-03T16:00:00.000Z,,,,,,,,,,,,,,,,,,
WPR,Western Pacific,FJI,Fiji,5.50 ,2019,Sex,Both sexes,BTSX,68.01,68.01,60.0-69.9,EN,2020-12-03T16:00:00.000Z,,,,,,,,,,,,,,,,,,
EUR,Europe,FIN,Finland,125.71 ,2000,Sex,Both sexes,BTSX,77.6,77.6,70.0-79.9,EN,2020-12-03T16:00:00.000Z,,,,,,,,,,,,,,,,,,
EUR,Europe,FIN,Finland,275.24 ,2010,Sex,Both sexes,BTSX,79.88,79.88,70.0-79.9,EN,2020-12-03T16:00:00.000Z,,,,,,,,,,,,,,,,,,
EUR,Europe,FIN,Finland,234.44 ,2015,Sex,Both sexes,BTSX,81.21,81.21,>80.0,EN,2020-12-03T16:00:00.000Z,,,,,,,,,,,,,,,,,,
EUR,Europe,FIN,Finland,268.51 ,2019,Sex,Both sexes,BTSX,81.61,81.61,>80.0,EN,2020-12-03T16:00:00.000Z,,,,,,,,,,,,,,,,,,
EUR,Europe,FRA,France,1362.25 ,2000,Sex,Both sexes,BTSX,78.91,78.91,70.0-79.9,EN,2020-12-03T16:00:00.000Z,,,,,,,,,,,,,,,,,,
EUR,Europe,FRA,France,2861.41 ,2010,Sex,Both sexes,BTSX,81.22,81.22,>80.0,EN,2020-12-03T16:00:00.000Z,,,,,,,,,,,,,,,,,,
EUR,Europe,FRA,France,2438.21 ,2015,Sex,Both sexes,BTSX,81.91,81.91,>80.0,EN,2020-12-03T16:00:00.000Z,,,,,,,,,,,,,,,,,,
EUR,Europe,FRA,France,2728.87 ,2019,Sex,Both sexes,BTSX,82.48,82.48,>80.0,EN,2020-12-03T16:00:00.000Z,,,,,,,,,,,,,,,,,,
AFR,Africa,GAB,Gabon,5.08 ,2000,Sex,Both sexes,BTSX,58.1,58.1,50.0-59.9,EN,2020-12-03T16:00:00.000Z,,,,,,,,,,,,,,,,,,
AFR,Africa,GAB,Gabon,18.21 ,2010,Sex,Both sexes,BTSX,62.16,62.16,60.0-69.9,EN,2020-12-03T16:00:00.000Z,,,,,,,,,,,,,,,,,,
AFR,Africa,GAB,Gabon,14.38 ,2015,Sex,Both sexes,BTSX,64.93,64.93,60.0-69.9,EN,2020-12-03T16:00:00.000Z,,,,,,,,,,,,,,,,,,
AFR,Africa,GAB,Gabon,16.87 ,2019,Sex,Both sexes,BTSX,66.47,66.47,60.0-69.9,EN,2020-12-03T16:00:00.000Z,,,,,,,,,,,,,,,,,,
AFR,Africa,GMB,Gambia,0.78 ,2000,Sex,Both sexes,BTSX,59.24,59.24,50.0-59.9,EN,2020-12-03T16:00:00.000Z,,,,,,,,,,,,,,,,,,
AFR,Africa,GMB,Gambia,1.41 ,2010,Sex,Both sexes,BTSX,62.42,62.42,60.0-69.9,EN,2020-12-03T16:00:00.000Z,,,,,,,,,,,,,,,,,,
AFR,Africa,GMB,Gambia,1.38 ,2015,Sex,Both sexes,BTSX,64.14,64.14,60.0-69.9,EN,2020-12-03T16:00:00.000Z,,,,,,,,,,,,,,,,,,
AFR,Africa,GMB,Gambia,1.81 ,2019,Sex,Both sexes,BTSX,65.47,65.47,60.0-69.9,EN,2020-12-03T16:00:00.000Z,,,,,,,,,,,,,,,,,,
EUR,Europe,GEO,Georgia,3.06 ,2000,Sex,Both sexes,BTSX,69.41,69.41,60.0-69.9,EN,2020-12-03T16:00:00.000Z,,,,,,,,,,,,,,,,,,
EUR,Europe,GEO,Georgia,15.11 ,2010,Sex,Both sexes,BTSX,71.87,71.87,70.0-79.9,EN,2020-12-03T16:00:00.000Z,,,,,,,,,,,,,,,,,,
EUR,Europe,GEO,Georgia,14.95 ,2015,Sex,Both sexes,BTSX,72.58,72.58,70.0-79.9,EN,2020-12-03T16:00:00.000Z,,,,,,,,,,,,,,,,,,
EUR,Europe,GEO,Georgia,17.48 ,2019,Sex,Both sexes,BTSX,73.28,73.28,70.0-79.9,EN,2020-12-03T16:00:00.000Z,,,,,,,,,,,,,,,,,,
EUR,Europe,DEU,Germany,1943.15 ,2000,Sex,Both sexes,BTSX,78.09,78.09,70.0-79.9,EN,2020-12-03T16:00:00.000Z,,,,,,,,,,,,,,,,,,
EUR,Europe,DEU,Germany,3744.41 ,2010,Sex,Both sexes,BTSX,80.17,80.17,>80.0,EN,2020-12-03T16:00:00.000Z,,,,,,,,,,,,,,,,,,
EUR,Europe,DEU,Germany,3356.24 ,2015,Sex,Both sexes,BTSX,80.42,80.42,>80.0,EN,2020-12-03T16:00:00.000Z,,,,,,,,,,,,,,,,,,
EUR,Europe,DEU,Germany,3888.33 ,2019,Sex,Both sexes,BTSX,81.72,81.72,>80.0,EN,2020-12-03T16:00:00.000Z,,,,,,,,,,,,,,,,,,
AFR,Africa,GHA,Ghana,4.98 ,2000,Sex,Both sexes,BTSX,59.24,59.24,50.0-59.9,EN,2020-12-03T16:00:00.000Z,,,,,,,,,,,,,,,,,,
AFR,Africa,GHA,Ghana,39.34 ,2010,Sex,Both sexes,BTSX,62,62,60.0-69.9,EN,2020-12-03T16:00:00.000Z,,,,,,,,,,,,,,,,,,
AFR,Africa,GHA,Ghana,49.41 ,2015,Sex,Both sexes,BTSX,64.55,64.55,60.0-69.9,EN,2020-12-03T16:00:00.000Z,,,,,,,,,,,,,,,,,,
AFR,Africa,GHA,Ghana,68.34 ,2019,Sex,Both sexes,BTSX,66.28,66.28,60.0-69.9,EN,2020-12-03T16:00:00.000Z,,,,,,,,,,,,,,,,,,
EUR,Europe,GRC,Greece,130.13 ,2000,Sex,Both sexes,BTSX,78.17,78.17,70.0-79.9,EN,2020-12-03T16:00:00.000Z,,,,,,,,,,,,,,,,,,
EUR,Europe,GRC,Greece,282.63 ,2010,Sex,Both sexes,BTSX,80.1,80.1,>80.0,EN,2020-12-03T16:00:00.000Z,,,,,,,,,,,,,,,,,,
EUR,Europe,GRC,Greece,195.60 ,2015,Sex,Both sexes,BTSX,80.38,80.38,>80.0,EN,2020-12-03T16:00:00.000Z,,,,,,,,,,,,,,,,,,
EUR,Europe,GRC,Greece,205.14 ,2019,Sex,Both sexes,BTSX,81.1,81.1,>80.0,EN,2020-12-03T16:00:00.000Z,,,,,,,,,,,,,,,,,,
AMR,Americas,GRD,Grenada,0.52 ,2000,Sex,Both sexes,BTSX,71.97,71.97,70.0-79.9,EN,2020-12-03T16:00:00.000Z,,,,,,,,,,,,,,,,,,
AMR,Americas,GRD,Grenada,0.78 ,2010,Sex,Both sexes,BTSX,71.97,71.97,70.0-79.9,EN,2020-12-03T16:00:00.000Z,,,,,,,,,,,,,,,,,,
AMR,Americas,GRD,Grenada,1.00 ,2015,Sex,Both sexes,BTSX,72.7,72.7,70.0-79.9,EN,2020-12-03T16:00:00.000Z,,,,,,,,,,,,,,,,,,
AMR,Americas,GRD,Grenada,1.21 ,2019,Sex,Both sexes,BTSX,72.88,72.88,70.0-79.9,EN,2020-12-03T16:00:00.000Z,,,,,,,,,,,,,,,,,,
AMR,Americas,GTM,Guatemala,19.29 ,2000,Sex,Both sexes,BTSX,66.78,66.78,60.0-69.9,EN,2020-12-03T16:00:00.000Z,,,,,,,,,,,,,,,,,,
AMR,Americas,GTM,Guatemala,46.88 ,2010,Sex,Both sexes,BTSX,69.3,69.3,60.0-69.9,EN,2020-12-03T16:00:00.000Z,,,,,,,,,,,,,,,,,,
AMR,Americas,GTM,Guatemala,62.19 ,2015,Sex,Both sexes,BTSX,70.95,70.95,70.0-79.9,EN,2020-12-03T16:00:00.000Z,,,,,,,,,,,,,,,,,,
AMR,Americas,GTM,Guatemala,77.02 ,2019,Sex,Both sexes,BTSX,72.02,72.02,70.0-79.9,EN,2020-12-03T16:00:00.000Z,,,,,,,,,,,,,,,,,,
AFR,Africa,GIN,Guinea,3.00 ,2000,Sex,Both sexes,BTSX,54.26,54.26,50.0-59.9,EN,2020-12-03T16:00:00.000Z,,,,,,,,,,,,,,,,,,
AFR,Africa,GIN,Guinea,6.79 ,2010,Sex,Both sexes,BTSX,58.07,58.07,50.0-59.9,EN,2020-12-03T16:00:00.000Z,,,,,,,,,,,,,,,,,,
AFR,Africa,GIN,Guinea,8.79 ,2015,Sex,Both sexes,BTSX,58.81,58.81,50.0-59.9,EN,2020-12-03T16:00:00.000Z,,,,,,,,,,,,,,,,,,
AFR,Africa,GIN,Guinea,13.51 ,2019,Sex,Both sexes,BTSX,61.01,61.01,60.0-69.9,EN,2020-12-03T16:00:00.000Z,,,,,,,,,,,,,,,,,,
AFR,Africa,GNB,Guinea-Bissau,0.37 ,2000,Sex,Both sexes,BTSX,50.28,50.28,50.0-59.9,EN,2020-12-03T16:00:00.000Z,,,,,,,,,,,,,,,,,,
AFR,Africa,GNB,Guinea-Bissau,1.10 ,2010,Sex,Both sexes,BTSX,55.43,55.43,50.0-59.9,EN,2020-12-03T16:00:00.000Z,,,,,,,,,,,,,,,,,,
AFR,Africa,GNB,Guinea-Bissau,1.05 ,2015,Sex,Both sexes,BTSX,58.23,58.23,50.0-59.9,EN,2020-12-03T16:00:00.000Z,,,,,,,,,,,,,,,,,,
AFR,Africa,GNB,Guinea-Bissau,1.44 ,2019,Sex,Both sexes,BTSX,60.22,60.22,60.0-69.9,EN,2020-12-03T16:00:00.000Z,,,,,,,,,,,,,,,,,,
AMR,Americas,GUY,Guyana,0.71 ,2000,Sex,Both sexes,BTSX,62.96,62.96,60.0-69.9,EN,2020-12-03T16:00:00.000Z,,,,,,,,,,,,,,,,,,
AMR,Americas,GUY,Guyana,3.69 ,2010,Sex,Both sexes,BTSX,64.77,64.77,60.0-69.9,EN,2020-12-03T16:00:00.000Z,,,,,,,,,,,,,,,,,,
AMR,Americas,GUY,Guyana,4.28 ,2015,Sex,Both sexes,BTSX,65.59,65.59,60.0-69.9,EN,2020-12-03T16:00:00.000Z,,,,,,,,,,,,,,,,,,
AMR,Americas,GUY,Guyana,5.17 ,2019,Sex,Both sexes,BTSX,65.69,65.69,60.0-69.9,EN,2020-12-03T16:00:00.000Z,,,,,,,,,,,,,,,,,,
AMR,Americas,HTI,Haiti,6.81 ,2000,Sex,Both sexes,BTSX,57.05,57.05,50.0-59.9,EN,2020-12-03T16:00:00.000Z,,,,,,,,,,,,,,,,,,
AMR,Americas,HTI,Haiti,13.01 ,2010,Sex,Both sexes,BTSX,31.28,31.28,<50.0,EN,2020-12-03T16:00:00.000Z,,,,,,,,,,,,,,,,,,
AMR,Americas,HTI,Haiti,14.83 ,2015,Sex,Both sexes,BTSX,62.61,62.61,60.0-69.9,EN,2020-12-03T16:00:00.000Z,,,,,,,,,,,,,,,,,,
AMR,Americas,HTI,Haiti,14.79 ,2019,Sex,Both sexes,BTSX,64.05,64.05,60.0-69.9,EN,2020-12-03T16:00:00.000Z,,,,,,,,,,,,,,,,,,
AMR,Americas,HND,Honduras,7.10 ,2000,Sex,Both sexes,BTSX,70.04,70.04,70.0-79.9,EN,2020-12-03T16:00:00.000Z,,,,,,,,,,,,,,,,,,
AMR,Americas,HND,Honduras,17.59 ,2010,Sex,Both sexes,BTSX,71.15,71.15,70.0-79.9,EN,2020-12-03T16:00:00.000Z,,,,,,,,,,,,,,,,,,
AMR,Americas,HND,Honduras,20.83 ,2015,Sex,Both sexes,BTSX,69.82,69.82,60.0-69.9,EN,2020-12-03T16:00:00.000Z,,,,,,,,,,,,,,,,,,
AMR,Americas,HND,Honduras,24.92 ,2019,Sex,Both sexes,BTSX,71.94,71.94,70.0-79.9,EN,2020-12-03T16:00:00.000Z,,,,,,,,,,,,,,,,,,
EUR,Europe,HUN,Hungary,47.22 ,2000,Sex,Both sexes,BTSX,71.34,71.34,70.0-79.9,EN,2020-12-03T16:00:00.000Z,,,,,,,,,,,,,,,,,,
EUR,Europe,HUN,Hungary,142.00 ,2010,Sex,Both sexes,BTSX,74.58,74.58,70.0-79.9,EN,2020-12-03T16:00:00.000Z,,,,,,,,,,,,,,,,,,
EUR,Europe,HUN,Hungary,125.21 ,2015,Sex,Both sexes,BTSX,75.57,75.57,70.0-79.9,EN,2020-12-03T16:00:00.000Z,,,,,,,,,,,,,,,,,,
EUR,Europe,HUN,Hungary,163.53 ,2019,Sex,Both sexes,BTSX,76.44,76.44,70.0-79.9,EN,2020-12-03T16:00:00.000Z,,,,,,,,,,,,,,,,,,
EUR,Europe,ISL,Iceland,9.03 ,2000,Sex,Both sexes,BTSX,79.7,79.7,70.0-79.9,EN,2020-12-03T16:00:00.000Z,,,,,,,,,,,,,,,,,,
EUR,Europe,ISL,Iceland,15.22 ,2010,Sex,Both sexes,BTSX,81.68,81.68,>80.0,EN,2020-12-03T16:00:00.000Z,,,,,,,,,,,,,,,,,,
EUR,Europe,ISL,Iceland,17.52 ,2015,Sex,Both sexes,BTSX,82.14,82.14,>80.0,EN,2020-12-03T16:00:00.000Z,,,,,,,,,,,,,,,,,,
EUR,Europe,ISL,Iceland,24.86 ,2019,Sex,Both sexes,BTSX,82.33,82.33,>80.0,EN,2020-12-03T16:00:00.000Z,,,,,,,,,,,,,,,,,,
SEAR,South-East Asia,IND,India,468.39 ,2000,Sex,Both sexes,BTSX,62.11,62.11,60.0-69.9,EN,2020-12-03T16:00:00.000Z,,,,,,,,,,,,,,,,,,
SEAR,South-East Asia,IND,India,1823.05 ,2010,Sex,Both sexes,BTSX,67.23,67.23,60.0-69.9,EN,2020-12-03T16:00:00.000Z,,,,,,,,,,,,,,,,,,
SEAR,South-East Asia,IND,India,2103.59 ,2015,Sex,Both sexes,BTSX,69.31,69.31,60.0-69.9,EN,2020-12-03T16:00:00.000Z,,,,,,,,,,,,,,,,,,
SEAR,South-East Asia,IND,India,2870.50 ,2019,Sex,Both sexes,BTSX,70.79,70.79,70.0-79.9,EN,2020-12-03T16:00:00.000Z,,,,,,,,,,,,,,,,,,
SEAR,South-East Asia,IDN,Indonesia,165.02 ,2000,Sex,Both sexes,BTSX,67.17,67.17,60.0-69.9,EN,2020-12-03T16:00:00.000Z,,,,,,,,,,,,,,,,,,
SEAR,South-East Asia,IDN,Indonesia,892.97 ,2010,Sex,Both sexes,BTSX,69.26,69.26,60.0-69.9,EN,2020-12-03T16:00:00.000Z,,,,,,,,,,,,,,,,,,
SEAR,South-East Asia,IDN,Indonesia,860.85 ,2015,Sex,Both sexes,BTSX,70.61,70.61,70.0-79.9,EN,2020-12-03T16:00:00.000Z,,,,,,,,,,,,,,,,,,
SEAR,South-East Asia,IDN,Indonesia,1119.09 ,2019,Sex,Both sexes,BTSX,71.31,71.31,70.0-79.9,EN,2020-12-03T16:00:00.000Z,,,,,,,,,,,,,,,,,,
EMR,Eastern Mediterranean,IRN,Iran (Islamic Republic of),109.59 ,2000,Sex,Both sexes,BTSX,72.56,72.56,70.0-79.9,EN,2020-12-03T16:00:00.000Z,,,,,,,,,,,,,,,,,,
EMR,Eastern Mediterranean,IRN,Iran (Islamic Republic of),580.76 ,2010,Sex,Both sexes,BTSX,75.86,75.86,70.0-79.9,EN,2020-12-03T16:00:00.000Z,,,,,,,,,,,,,,,,,,
EMR,Eastern Mediterranean,IRN,Iran (Islamic Republic of),384.95 ,2015,Sex,Both sexes,BTSX,76.66,76.66,70.0-79.9,EN,2020-12-03T16:00:00.000Z,,,,,,,,,,,,,,,,,,
EMR,Eastern Mediterranean,IRN,Iran (Islamic Republic of),258.25 ,2019,Sex,Both sexes,BTSX,77.35,77.35,70.0-79.9,EN,2020-12-03T16:00:00.000Z,,,,,,,,,,,,,,,,,,
EMR,Eastern Mediterranean,IRQ,Iraq,48.36 ,2000,Sex,Both sexes,BTSX,68.77,68.77,60.0-69.9,EN,2020-12-03T16:00:00.000Z,,,,,,,,,,,,,,,,,,
EMR,Eastern Mediterranean,IRQ,Iraq,185.75 ,2010,Sex,Both sexes,BTSX,70.24,70.24,70.0-79.9,EN,2020-12-03T16:00:00.000Z,,,,,,,,,,,,,,,,,,
EMR,Eastern Mediterranean,IRQ,Iraq,166.77 ,2015,Sex,Both sexes,BTSX,70.29,70.29,70.0-79.9,EN,2020-12-03T16:00:00.000Z,,,,,,,,,,,,,,,,,,
EMR,Eastern Mediterranean,IRQ,Iraq,235.10 ,2019,Sex,Both sexes,BTSX,72.42,72.42,70.0-79.9,EN,2020-12-03T16:00:00.000Z,,,,,,,,,,,,,,,,,,
EUR,Europe,IRL,Ireland,99.96 ,2000,Sex,Both sexes,BTSX,76.41,76.41,70.0-79.9,EN,2020-12-03T16:00:00.000Z,,,,,,,,,,,,,,,,,,
EUR,Europe,IRL,Ireland,238.66 ,2010,Sex,Both sexes,BTSX,80.41,80.41,>80.0,EN,2020-12-03T16:00:00.000Z,,,,,,,,,,,,,,,,,,
EUR,Europe,IRL,Ireland,291.46 ,2015,Sex,Both sexes,BTSX,81.14,81.14,>80.0,EN,2020-12-03T16:00:00.000Z,,,,,,,,,,,,,,,,,,
EUR,Europe,IRL,Ireland,399.12 ,2019,Sex,Both sexes,BTSX,81.84,81.84,>80.0,EN,2020-12-03T16:00:00.000Z,,,,,,,,,,,,,,,,,,
EUR,Europe,ISR,Israel,132.46 ,2000,Sex,Both sexes,BTSX,78.57,78.57,70.0-79.9,EN,2020-12-03T16:00:00.000Z,,,,,,,,,,,,,,,,,,
EUR,Europe,ISR,Israel,262.29 ,2010,Sex,Both sexes,BTSX,81.56,81.56,>80.0,EN,2020-12-03T16:00:00.000Z,,,,,,,,,,,,,,,,,,
EUR,Europe,ISR,Israel,300.08 ,2015,Sex,Both sexes,BTSX,81.93,81.93,>80.0,EN,2020-12-03T16:00:00.000Z,,,,,,,,,,,,,,,,,,
EUR,Europe,ISR,Israel,397.93 ,2019,Sex,Both sexes,BTSX,82.62,82.62,>80.0,EN,2020-12-03T16:00:00.000Z,,,,,,,,,,,,,,,,,,
EUR,Europe,ITA,Italy,1143.83 ,2000,Sex,Both sexes,BTSX,79.36,79.36,70.0-79.9,EN,2020-12-03T16:00:00.000Z,,,,,,,,,,,,,,,,,,
EUR,Europe,ITA,Italy,2291.99 ,2010,Sex,Both sexes,BTSX,81.9,81.9,>80.0,EN,2020-12-03T16:00:00.000Z,,,,,,,,,,,,,,,,,,
EUR,Europe,ITA,Italy,1835.90 ,2015,Sex,Both sexes,BTSX,82.21,82.21,>80.0,EN,2020-12-03T16:00:00.000Z,,,,,,,,,,,,,,,,,,
EUR,Europe,ITA,Italy,2009.38 ,2019,Sex,Both sexes,BTSX,82.97,82.97,>80.0,EN,2020-12-03T16:00:00.000Z,,,,,,,,,,,,,,,,,,
AMR,Americas,JAM,Jamaica,9.01 ,2000,Sex,Both sexes,BTSX,74.22,74.22,70.0-79.9,EN,2020-12-03T16:00:00.000Z,,,,,,,,,,,,,,,,,,
AMR,Americas,JAM,Jamaica,14.44 ,2010,Sex,Both sexes,BTSX,75.77,75.77,70.0-79.9,EN,2020-12-03T16:00:00.000Z,,,,,,,,,,,,,,,,,,
AMR,Americas,JAM,Jamaica,14.19 ,2015,Sex,Both sexes,BTSX,75.85,75.85,70.0-79.9,EN,2020-12-03T16:00:00.000Z,,,,,,,,,,,,,,,,,,
AMR,Americas,JAM,Jamaica,15.83 ,2019,Sex,Both sexes,BTSX,75.98,75.98,70.0-79.9,EN,2020-12-03T16:00:00.000Z,,,,,,,,,,,,,,,,,,
WPR,Western Pacific,JPN,Japan,4968.36 ,2000,Sex,Both sexes,BTSX,81.12,81.12,>80.0,EN,2020-12-03T16:00:00.000Z,,,,,,,,,,,,,,,,,,
WPR,Western Pacific,JPN,Japan,6233.15 ,2010,Sex,Both sexes,BTSX,82.68,82.68,>80.0,EN,2020-12-03T16:00:00.000Z,,,,,,,,,,,,,,,,,,
WPR,Western Pacific,JPN,Japan,4444.93 ,2015,Sex,Both sexes,BTSX,83.62,83.62,>80.0,EN,2020-12-03T16:00:00.000Z,,,,,,,,,,,,,,,,,,
WPR,Western Pacific,JPN,Japan,5148.78 ,2019,Sex,Both sexes,BTSX,84.26,84.26,>80.0,EN,2020-12-03T16:00:00.000Z,,,,,,,,,,,,,,,,,,
EMR,Eastern Mediterranean,JOR,Jordan,8.46 ,2000,Sex,Both sexes,BTSX,72.65,72.65,70.0-79.9,EN,2020-12-03T16:00:00.000Z,,,,,,,,,,,,,,,,,,
EMR,Eastern Mediterranean,JOR,Jordan,29.52 ,2010,Sex,Both sexes,BTSX,76.59,76.59,70.0-79.9,EN,2020-12-03T16:00:00.000Z,,,,,,,,,,,,,,,,,,
EMR,Eastern Mediterranean,JOR,Jordan,38.59 ,2015,Sex,Both sexes,BTSX,77.82,77.82,70.0-79.9,EN,2020-12-03T16:00:00.000Z,,,,,,,,,,,,,,,,,,
EMR,Eastern Mediterranean,JOR,Jordan,44.50 ,2019,Sex,Both sexes,BTSX,77.87,77.87,70.0-79.9,EN,2020-12-03T16:00:00.000Z,,,,,,,,,,,,,,,,,,
EUR,Europe,KAZ,Kazakhstan,18.29 ,2000,Sex,Both sexes,BTSX,63.15,63.15,60.0-69.9,EN,2020-12-03T16:00:00.000Z,,,,,,,,,,,,,,,,,,
EUR,Europe,KAZ,Kazakhstan,192.63 ,2010,Sex,Both sexes,BTSX,68.43,68.43,60.0-69.9,EN,2020-12-03T16:00:00.000Z,,,,,,,,,,,,,,,,,,
EUR,Europe,KAZ,Kazakhstan,184.39 ,2015,Sex,Both sexes,BTSX,71.91,71.91,70.0-79.9,EN,2020-12-03T16:00:00.000Z,,,,,,,,,,,,,,,,,,
EUR,Europe,KAZ,Kazakhstan,181.67 ,2019,Sex,Both sexes,BTSX,73.95,73.95,70.0-79.9,EN,2020-12-03T16:00:00.000Z,,,,,,,,,,,,,,,,,,
AFR,Africa,KEN,Kenya,12.71 ,2000,Sex,Both sexes,BTSX,53.87,53.87,50.0-59.9,EN,2020-12-03T16:00:00.000Z,,,,,,,,,,,,,,,,,,
AFR,Africa,KEN,Kenya,46.87 ,2010,Sex,Both sexes,BTSX,61.18,61.18,60.0-69.9,EN,2020-12-03T16:00:00.000Z,,,,,,,,,,,,,,,,,,
AFR,Africa,KEN,Kenya,70.12 ,2015,Sex,Both sexes,BTSX,64.17,64.17,60.0-69.9,EN,2020-12-03T16:00:00.000Z,,,,,,,,,,,,,,,,,,
AFR,Africa,KEN,Kenya,100.56 ,2019,Sex,Both sexes,BTSX,66.09,66.09,60.0-69.9,EN,2020-12-03T16:00:00.000Z,,,,,,,,,,,,,,,,,,
WPR,Western Pacific,KIR,Kiribati,0.07 ,2000,Sex,Both sexes,BTSX,55.73,55.73,50.0-59.9,EN,2020-12-03T16:00:00.000Z,,,,,,,,,,,,,,,,,,
WPR,Western Pacific,KIR,Kiribati,0.18 ,2010,Sex,Both sexes,BTSX,58.01,58.01,50.0-59.9,EN,2020-12-03T16:00:00.000Z,,,,,,,,,,,,,,,,,,
WPR,Western Pacific,KIR,Kiribati,0.17 ,2015,Sex,Both sexes,BTSX,58.2,58.2,50.0-59.9,EN,2020-12-03T16:00:00.000Z,,,,,,,,,,,,,,,,,,
WPR,Western Pacific,KIR,Kiribati,0.19 ,2019,Sex,Both sexes,BTSX,59.42,59.42,50.0-59.9,EN,2020-12-03T16:00:00.000Z,,,,,,,,,,,,,,,,,,
EMR,Eastern Mediterranean,KWT,Kuwait,37.71 ,2000,Sex,Both sexes,BTSX,77.86,77.86,70.0-79.9,EN,2020-12-03T16:00:00.000Z,,,,,,,,,,,,,,,,,,
EMR,Eastern Mediterranean,KWT,Kuwait,154.07 ,2010,Sex,Both sexes,BTSX,79.83,79.83,70.0-79.9,EN,2020-12-03T16:00:00.000Z,,,,,,,,,,,,,,,,,,
EMR,Eastern Mediterranean,KWT,Kuwait,114.57 ,2015,Sex,Both sexes,BTSX,81.13,81.13,>80.0,EN,2020-12-03T16:00:00.000Z,,,,,,,,,,,,,,,,,,
EMR,Eastern Mediterranean,KWT,Kuwait,136.20 ,2019,Sex,Both sexes,BTSX,80.97,80.97,>80.0,EN,2020-12-03T16:00:00.000Z,,,,,,,,,,,,,,,,,,
EUR,Europe,KGZ,Kyrgyzstan,1.37 ,2000,Sex,Both sexes,BTSX,65.95,65.95,60.0-69.9,EN,2020-12-03T16:00:00.000Z,,,,,,,,,,,,,,,,,,
EUR,Europe,KGZ,Kyrgyzstan,6.20 ,2010,Sex,Both sexes,BTSX,69.17,69.17,60.0-69.9,EN,2020-12-03T16:00:00.000Z,,,,,,,,,,,,,,,,,,
EUR,Europe,KGZ,Kyrgyzstan,6.68 ,2015,Sex,Both sexes,BTSX,71.59,71.59,70.0-79.9,EN,2020-12-03T16:00:00.000Z,,,,,,,,,,,,,,,,,,
EUR,Europe,KGZ,Kyrgyzstan,8.87 ,2019,Sex,Both sexes,BTSX,74.18,74.18,70.0-79.9,EN,2020-12-03T16:00:00.000Z,,,,,,,,,,,,,,,,,,
WPR,Western Pacific,LAO,Lao People's Democratic Republic,1.73 ,2000,Sex,Both sexes,BTSX,58.41,58.41,50.0-59.9,EN,2020-12-03T16:00:00.000Z,,,,,,,,,,,,,,,,,,
WPR,Western Pacific,LAO,Lao People's Democratic Republic,8.75 ,2010,Sex,Both sexes,BTSX,64.88,64.88,60.0-69.9,EN,2020-12-03T16:00:00.000Z,,,,,,,,,,,,,,,,,,
WPR,Western Pacific,LAO,Lao People's Democratic Republic,14.43 ,2015,Sex,Both sexes,BTSX,67.08,67.08,60.0-69.9,EN,2020-12-03T16:00:00.000Z,,,,,,,,,,,,,,,,,,
WPR,Western Pacific,LAO,Lao People's Democratic Republic,18.90 ,2019,Sex,Both sexes,BTSX,68.51,68.51,60.0-69.9,EN,2020-12-03T16:00:00.000Z,,,,,,,,,,,,,,,,,,
EUR,Europe,LVA,Latvia,7.96 ,2000,Sex,Both sexes,BTSX,70.18,70.18,70.0-79.9,EN,2020-12-03T16:00:00.000Z,,,,,,,,,,,,,,,,,,
EUR,Europe,LVA,Latvia,27.47 ,2010,Sex,Both sexes,BTSX,72.94,72.94,70.0-79.9,EN,2020-12-03T16:00:00.000Z,,,,,,,,,,,,,,,,,,
EUR,Europe,LVA,Latvia,27.25 ,2015,Sex,Both sexes,BTSX,74.8,74.8,70.0-79.9,EN,2020-12-03T16:00:00.000Z,,,,,,,,,,,,,,,,,,
EUR,Europe,LVA,Latvia,34.31 ,2019,Sex,Both sexes,BTSX,75.38,75.38,70.0-79.9,EN,2020-12-03T16:00:00.000Z,,,,,,,,,,,,,,,,,,
EMR,Eastern Mediterranean,LBN,Lebanon,17.26 ,2000,Sex,Both sexes,BTSX,74.61,74.61,70.0-79.9,EN,2020-12-03T16:00:00.000Z,,,,,,,,,,,,,,,,,,
EMR,Eastern Mediterranean,LBN,Lebanon,39.93 ,2010,Sex,Both sexes,BTSX,75.53,75.53,70.0-79.9,EN,2020-12-03T16:00:00.000Z,,,,,,,,,,,,,,,,,,
EMR,Eastern Mediterranean,LBN,Lebanon,50.07 ,2015,Sex,Both sexes,BTSX,75.98,75.98,70.0-79.9,EN,2020-12-03T16:00:00.000Z,,,,,,,,,,,,,,,,,,
EMR,Eastern Mediterranean,LBN,Lebanon,51.95 ,2019,Sex,Both sexes,BTSX,76.44,76.44,70.0-79.9,EN,2020-12-03T16:00:00.000Z,,,,,,,,,,,,,,,,,,
AFR,Africa,LSO,Lesotho,0.89 ,2000,Sex,Both sexes,BTSX,47.82,47.82,<50.0,EN,2020-12-03T16:00:00.000Z,,,,,,,,,,,,,,,,,,
AFR,Africa,LSO,Lesotho,2.58 ,2010,Sex,Both sexes,BTSX,47.38,47.38,<50.0,EN,2020-12-03T16:00:00.000Z,,,,,,,,,,,,,,,,,,
AFR,Africa,LSO,Lesotho,2.36 ,2015,Sex,Both sexes,BTSX,47.67,47.67,<50.0,EN,2020-12-03T16:00:00.000Z,,,,,,,,,,,,,,,,,,
AFR,Africa,LSO,Lesotho,2.37 ,2019,Sex,Both sexes,BTSX,50.75,50.75,50.0-59.9,EN,2020-12-03T16:00:00.000Z,,,,,,,,,,,,,,,,,,
AFR,Africa,LBR,Liberia,0.87 ,2000,Sex,Both sexes,BTSX,53.77,53.77,50.0-59.9,EN,2020-12-03T16:00:00.000Z,,,,,,,,,,,,,,,,,,
AFR,Africa,LBR,Liberia,2.40 ,2010,Sex,Both sexes,BTSX,60.7,60.7,60.0-69.9,EN,2020-12-03T16:00:00.000Z,,,,,,,,,,,,,,,,,,
AFR,Africa,LBR,Liberia,3.23 ,2015,Sex,Both sexes,BTSX,61.17,61.17,60.0-69.9,EN,2020-12-03T16:00:00.000Z,,,,,,,,,,,,,,,,,,
AFR,Africa,LBR,Liberia,3.32 ,2019,Sex,Both sexes,BTSX,64.08,64.08,60.0-69.9,EN,2020-12-03T16:00:00.000Z,,,,,,,,,,,,,,,,,,
EMR,Eastern Mediterranean,LBY,Libya,38.27 ,2000,Sex,Both sexes,BTSX,74.4,74.4,70.0-79.9,EN,2020-12-03T16:00:00.000Z,,,,,,,,,,,,,,,,,,
EMR,Eastern Mediterranean,LBY,Libya,34.70 ,2010,Sex,Both sexes,BTSX,76.04,76.04,70.0-79.9,EN,2020-12-03T16:00:00.000Z,,,,,,,,,,,,,,,,,,
EMR,Eastern Mediterranean,LBY,Libya,27.84 ,2015,Sex,Both sexes,BTSX,74.6,74.6,70.0-79.9,EN,2020-12-03T16:00:00.000Z,,,,,,,,,,,,,,,,,,
EMR,Eastern Mediterranean,LBY,Libya,52.09 ,2019,Sex,Both sexes,BTSX,75.78,75.78,70.0-79.9,EN,2020-12-03T16:00:00.000Z,,,,,,,,,,,,,,,,,,
EUR,Europe,LTU,Lithuania,11.52 ,2000,Sex,Both sexes,BTSX,72.04,72.04,70.0-79.9,EN,2020-12-03T16:00:00.000Z,,,,,,,,,,,,,,,,,,
EUR,Europe,LTU,Lithuania,43.54 ,2010,Sex,Both sexes,BTSX,73.14,73.14,70.0-79.9,EN,2020-12-03T16:00:00.000Z,,,,,,,,,,,,,,,,,,
EUR,Europe,LTU,Lithuania,41.42 ,2015,Sex,Both sexes,BTSX,74.38,74.38,70.0-79.9,EN,2020-12-03T16:00:00.000Z,,,,,,,,,,,,,,,,,,
EUR,Europe,LTU,Lithuania,54.70 ,2019,Sex,Both sexes,BTSX,75.99,75.99,70.0-79.9,EN,2020-12-03T16:00:00.000Z,,,,,,,,,,,,,,,,,,
EUR,Europe,LUX,Luxembourg,21.18 ,2000,Sex,Both sexes,BTSX,78.24,78.24,70.0-79.9,EN,2020-12-03T16:00:00.000Z,,,,,,,,,,,,,,,,,,
EUR,Europe,LUX,Luxembourg,61.62 ,2010,Sex,Both sexes,BTSX,80.94,80.94,>80.0,EN,2020-12-03T16:00:00.000Z,,,,,,,,,,,,,,,,,,
EUR,Europe,LUX,Luxembourg,60.05 ,2015,Sex,Both sexes,BTSX,82.31,82.31,>80.0,EN,2020-12-03T16:00:00.000Z,,,,,,,,,,,,,,,,,,
EUR,Europe,LUX,Luxembourg,70.20 ,2019,Sex,Both sexes,BTSX,82.41,82.41,>80.0,EN,2020-12-03T16:00:00.000Z,,,,,,,,,,,,,,,,,,
AFR,Africa,MDG,Madagascar,4.63 ,2000,Sex,Both sexes,BTSX,58.82,58.82,50.0-59.9,EN,2020-12-03T16:00:00.000Z,,,,,,,,,,,,,,,,,,
AFR,Africa,MDG,Madagascar,11.55 ,2010,Sex,Both sexes,BTSX,62.79,62.79,60.0-69.9,EN,2020-12-03T16:00:00.000Z,,,,,,,,,,,,,,,,,,
AFR,Africa,MDG,Madagascar,11.32 ,2015,Sex,Both sexes,BTSX,64.19,64.19,60.0-69.9,EN,2020-12-03T16:00:00.000Z,,,,,,,,,,,,,,,,,,
AFR,Africa,MDG,Madagascar,14.10 ,2019,Sex,Both sexes,BTSX,65.35,65.35,60.0-69.9,EN,2020-12-03T16:00:00.000Z,,,,,,,,,,,,,,,,,,
AFR,Africa,MWI,Malawi,1.74 ,2000,Sex,Both sexes,BTSX,44.73,44.73,<50.0,EN,2020-12-03T16:00:00.000Z,,,,,,,,,,,,,,,,,,
AFR,Africa,MWI,Malawi,8.00 ,2010,Sex,Both sexes,BTSX,56.8,56.8,50.0-59.9,EN,2020-12-03T16:00:00.000Z,,,,,,,,,,,,,,,,,,
AFR,Africa,MWI,Malawi,6.37 ,2015,Sex,Both sexes,BTSX,63.04,63.04,60.0-69.9,EN,2020-12-03T16:00:00.000Z,,,,,,,,,,,,,,,,,,
AFR,Africa,MWI,Malawi,11.03 ,2019,Sex,Both sexes,BTSX,65.62,65.62,60.0-69.9,EN,2020-12-03T16:00:00.000Z,,,,,,,,,,,,,,,,,,
WPR,Western Pacific,MYS,Malaysia,93.79 ,2000,Sex,Both sexes,BTSX,72.8,72.8,70.0-79.9,EN,2020-12-03T16:00:00.000Z,,,,,,,,,,,,,,,,,,
WPR,Western Pacific,MYS,Malaysia,297.95 ,2010,Sex,Both sexes,BTSX,74.25,74.25,70.0-79.9,EN,2020-12-03T16:00:00.000Z,,,,,,,,,,,,,,,,,,
WPR,Western Pacific,MYS,Malaysia,301.35 ,2015,Sex,Both sexes,BTSX,74.95,74.95,70.0-79.9,EN,2020-12-03T16:00:00.000Z,,,,,,,,,,,,,,,,,,
WPR,Western Pacific,MYS,Malaysia,365.28 ,2019,Sex,Both sexes,BTSX,74.72,74.72,70.0-79.9,EN,2020-12-03T16:00:00.000Z,,,,,,,,,,,,,,,,,,
SEAR,South-East Asia,MDV,Maldives,0.62 ,2000,Sex,Both sexes,BTSX,70.96,70.96,70.0-79.9,EN,2020-12-03T16:00:00.000Z,,,,,,,,,,,,,,,,,,
SEAR,South-East Asia,MDV,Maldives,2.77 ,2010,Sex,Both sexes,BTSX,76.99,76.99,70.0-79.9,EN,2020-12-03T16:00:00.000Z,,,,,,,,,,,,,,,,,,
SEAR,South-East Asia,MDV,Maldives,4.11 ,2015,Sex,Both sexes,BTSX,78.41,78.41,70.0-79.9,EN,2020-12-03T16:00:00.000Z,,,,,,,,,,,,,,,,,,
SEAR,South-East Asia,MDV,Maldives,5.61 ,2019,Sex,Both sexes,BTSX,79.59,79.59,70.0-79.9,EN,2020-12-03T16:00:00.000Z,,,,,,,,,,,,,,,,,,
AFR,Africa,MLI,Mali,2.96 ,2000,Sex,Both sexes,BTSX,52.64,52.64,50.0-59.9,EN,2020-12-03T16:00:00.000Z,,,,,,,,,,,,,,,,,,
AFR,Africa,MLI,Mali,13.00 ,2010,Sex,Both sexes,BTSX,59.05,59.05,50.0-59.9,EN,2020-12-03T16:00:00.000Z,,,,,,,,,,,,,,,,,,
AFR,Africa,MLI,Mali,13.10 ,2015,Sex,Both sexes,BTSX,60.89,60.89,60.0-69.9,EN,2020-12-03T16:00:00.000Z,,,,,,,,,,,,,,,,,,
AFR,Africa,MLI,Mali,17.28 ,2019,Sex,Both sexes,BTSX,62.8,62.8,60.0-69.9,EN,2020-12-03T16:00:00.000Z,,,,,,,,,,,,,,,,,,
EUR,Europe,MLT,Malta,4.07 ,2000,Sex,Both sexes,BTSX,77.87,77.87,70.0-79.9,EN,2020-12-03T16:00:00.000Z,,,,,,,,,,,,,,,,,,
EUR,Europe,MLT,Malta,9.64 ,2010,Sex,Both sexes,BTSX,80.45,80.45,>80.0,EN,2020-12-03T16:00:00.000Z,,,,,,,,,,,,,,,,,,
EUR,Europe,MLT,Malta,11.09 ,2015,Sex,Both sexes,BTSX,81.65,81.65,>80.0,EN,2020-12-03T16:00:00.000Z,,,,,,,,,,,,,,,,,,
EUR,Europe,MLT,Malta,15.22 ,2019,Sex,Both sexes,BTSX,81.89,81.89,>80.0,EN,2020-12-03T16:00:00.000Z,,,,,,,,,,,,,,,,,,
AFR,Africa,MRT,Mauritania,1.78 ,2000,Sex,Both sexes,BTSX,61.96,61.96,60.0-69.9,EN,2020-12-03T16:00:00.000Z,,,,,,,,,,,,,,,,,,
AFR,Africa,MRT,Mauritania,6.76 ,2010,Sex,Both sexes,BTSX,65.59,65.59,60.0-69.9,EN,2020-12-03T16:00:00.000Z,,,,,,,,,,,,,,,,,,
AFR,Africa,MRT,Mauritania,6.17 ,2015,Sex,Both sexes,BTSX,67.41,67.41,60.0-69.9,EN,2020-12-03T16:00:00.000Z,,,,,,,,,,,,,,,,,,
AFR,Africa,MRT,Mauritania,7.89 ,2019,Sex,Both sexes,BTSX,68.38,68.38,60.0-69.9,EN,2020-12-03T16:00:00.000Z,,,,,,,,,,,,,,,,,,
AFR,Africa,MUS,Mauritius,4.66 ,2000,Sex,Both sexes,BTSX,71.17,71.17,70.0-79.9,EN,2020-12-03T16:00:00.000Z,,,,,,,,,,,,,,,,,,
AFR,Africa,MUS,Mauritius,11.52 ,2010,Sex,Both sexes,BTSX,73.24,73.24,70.0-79.9,EN,2020-12-03T16:00:00.000Z,,,,,,,,,,,,,,,,,,
AFR,Africa,MUS,Mauritius,11.69 ,2015,Sex,Both sexes,BTSX,74.14,74.14,70.0-79.9,EN,2020-12-03T16:00:00.000Z,,,,,,,,,,,,,,,,,,
AFR,Africa,MUS,Mauritius,14.05 ,2019,Sex,Both sexes,BTSX,74.07,74.07,70.0-79.9,EN,2020-12-03T16:00:00.000Z,,,,,,,,,,,,,,,,,,
AMR,Americas,MEX,Mexico,707.91 ,2000,Sex,Both sexes,BTSX,74.41,74.41,70.0-79.9,EN,2020-12-03T16:00:00.000Z,,,,,,,,,,,,,,,,,,
AMR,Americas,MEX,Mexico,1180.49 ,2010,Sex,Both sexes,BTSX,75.13,75.13,70.0-79.9,EN,2020-12-03T16:00:00.000Z,,,,,,,,,,,,,,,,,,
AMR,Americas,MEX,Mexico,1171.87 ,2015,Sex,Both sexes,BTSX,75.87,75.87,70.0-79.9,EN,2020-12-03T16:00:00.000Z,,,,,,,,,,,,,,,,,,
AMR,Americas,MEX,Mexico,1269.43 ,2019,Sex,Both sexes,BTSX,76.01,76.01,70.0-79.9,EN,2020-12-03T16:00:00.000Z,,,,,,,,,,,,,,,,,,
WPR,Western Pacific,FSM,Micronesia (Federated States of),0.23 ,2000,Sex,Both sexes,BTSX,61.19,61.19,60.0-69.9,EN,2020-12-03T16:00:00.000Z,,,,,,,,,,,,,,,,,,
WPR,Western Pacific,FSM,Micronesia (Federated States of),0.31 ,2010,Sex,Both sexes,BTSX,62.67,62.67,60.0-69.9,EN,2020-12-03T16:00:00.000Z,,,,,,,,,,,,,,,,,,
WPR,Western Pacific,FSM,Micronesia (Federated States of),0.32 ,2015,Sex,Both sexes,BTSX,62.74,62.74,60.0-69.9,EN,2020-12-03T16:00:00.000Z,,,,,,,,,,,,,,,,,,
WPR,Western Pacific,FSM,Micronesia (Federated States of),0.41 ,2019,Sex,Both sexes,BTSX,63.03,63.03,60.0-69.9,EN,2020-12-03T16:00:00.000Z,,,,,,,,,,,,,,,,,,
WPR,Western Pacific,MNG,Mongolia,1.14 ,2000,Sex,Both sexes,BTSX,60.52,60.52,60.0-69.9,EN,2020-12-03T16:00:00.000Z,,,,,,,,,,,,,,,,,,
WPR,Western Pacific,MNG,Mongolia,10.41 ,2010,Sex,Both sexes,BTSX,65.05,65.05,60.0-69.9,EN,2020-12-03T16:00:00.000Z,,,,,,,,,,,,,,,,,,
WPR,Western Pacific,MNG,Mongolia,11.62 ,2015,Sex,Both sexes,BTSX,67.61,67.61,60.0-69.9,EN,2020-12-03T16:00:00.000Z,,,,,,,,,,,,,,,,,,
WPR,Western Pacific,MNG,Mongolia,14.21 ,2019,Sex,Both sexes,BTSX,68.1,68.1,60.0-69.9,EN,2020-12-03T16:00:00.000Z,,,,,,,,,,,,,,,,,,
EUR,Europe,MNE,Montenegro,0.98 ,2000,Sex,Both sexes,BTSX,73.56,73.56,70.0-79.9,EN,2020-12-03T16:00:00.000Z,,,,,,,,,,,,,,,,,,
EUR,Europe,MNE,Montenegro,4.54 ,2010,Sex,Both sexes,BTSX,74.69,74.69,70.0-79.9,EN,2020-12-03T16:00:00.000Z,,,,,,,,,,,,,,,,,,
EUR,Europe,MNE,Montenegro,4.05 ,2015,Sex,Both sexes,BTSX,75.27,75.27,70.0-79.9,EN,2020-12-03T16:00:00.000Z,,,,,,,,,,,,,,,,,,
EUR,Europe,MNE,Montenegro,5.54 ,2019,Sex,Both sexes,BTSX,75.88,75.88,70.0-79.9,EN,2020-12-03T16:00:00.000Z,,,,,,,,,,,,,,,,,,
EMR,Eastern Mediterranean,MAR,Morocco,38.86 ,2000,Sex,Both sexes,BTSX,69.35,69.35,60.0-69.9,EN,2020-12-03T16:00:00.000Z,,,,,,,,,,,,,,,,,,
EMR,Eastern Mediterranean,MAR,Morocco,101.37 ,2010,Sex,Both sexes,BTSX,71.6,71.6,70.0-79.9,EN,2020-12-03T16:00:00.000Z,,,,,,,,,,,,,,,,,,
EMR,Eastern Mediterranean,MAR,Morocco,101.18 ,2015,Sex,Both sexes,BTSX,72.46,72.46,70.0-79.9,EN,2020-12-03T16:00:00.000Z,,,,,,,,,,,,,,,,,,
EMR,Eastern Mediterranean,MAR,Morocco,119.87 ,2019,Sex,Both sexes,BTSX,72.99,72.99,70.0-79.9,EN,2020-12-03T16:00:00.000Z,,,,,,,,,,,,,,,,,,
AFR,Africa,MOZ,Mozambique,5.66 ,2000,Sex,Both sexes,BTSX,50.69,50.69,50.0-59.9,EN,2020-12-03T16:00:00.000Z,,,,,,,,,,,,,,,,,,
AFR,Africa,MOZ,Mozambique,14.38 ,2010,Sex,Both sexes,BTSX,53.48,53.48,50.0-59.9,EN,2020-12-03T16:00:00.000Z,,,,,,,,,,,,,,,,,,
AFR,Africa,MOZ,Mozambique,15.95 ,2015,Sex,Both sexes,BTSX,55.95,55.95,50.0-59.9,EN,2020-12-03T16:00:00.000Z,,,,,,,,,,,,,,,,,,
AFR,Africa,MOZ,Mozambique,15.38 ,2019,Sex,Both sexes,BTSX,58.14,58.14,50.0-59.9,EN,2020-12-03T16:00:00.000Z,,,,,,,,,,,,,,,,,,
SEAR,South-East Asia,MMR,Myanmar,6.85 ,2000,Sex,Both sexes,BTSX,59.99,59.99,50.0-59.9,EN,2020-12-03T16:00:00.000Z,,,,,,,,,,,,,,,,,,
SEAR,South-East Asia,MMR,Myanmar,54.12 ,2010,Sex,Both sexes,BTSX,64.79,64.79,60.0-69.9,EN,2020-12-03T16:00:00.000Z,,,,,,,,,,,,,,,,,,
SEAR,South-East Asia,MMR,Myanmar,63.05 ,2015,Sex,Both sexes,BTSX,67.58,67.58,60.0-69.9,EN,2020-12-03T16:00:00.000Z,,,,,,,,,,,,,,,,,,
SEAR,South-East Asia,MMR,Myanmar,68.70 ,2019,Sex,Both sexes,BTSX,69.13,69.13,60.0-69.9,EN,2020-12-03T16:00:00.000Z,,,,,,,,,,,,,,,,,,
AFR,Africa,NAM,Namibia,3.92 ,2000,Sex,Both sexes,BTSX,53.32,53.32,50.0-59.9,EN,2020-12-03T16:00:00.000Z,,,,,,,,,,,,,,,,,,
AFR,Africa,NAM,Namibia,12.52 ,2010,Sex,Both sexes,BTSX,60.94,60.94,60.0-69.9,EN,2020-12-03T16:00:00.000Z,,,,,,,,,,,,,,,,,,
AFR,Africa,NAM,Namibia,11.34 ,2015,Sex,Both sexes,BTSX,62.87,62.87,60.0-69.9,EN,2020-12-03T16:00:00.000Z,,,,,,,,,,,,,,,,,,
AFR,Africa,NAM,Namibia,12.50 ,2019,Sex,Both sexes,BTSX,64.58,64.58,60.0-69.9,EN,2020-12-03T16:00:00.000Z,,,,,,,,,,,,,,,,,,
SEAR,South-East Asia,NPL,Nepal,5.49 ,2000,Sex,Both sexes,BTSX,65.26,65.26,60.0-69.9,EN,2020-12-03T16:00:00.000Z,,,,,,,,,,,,,,,,,,
SEAR,South-East Asia,NPL,Nepal,21.62 ,2010,Sex,Both sexes,BTSX,69.18,69.18,60.0-69.9,EN,2020-12-03T16:00:00.000Z,,,,,,,,,,,,,,,,,,
SEAR,South-East Asia,NPL,Nepal,24.36 ,2015,Sex,Both sexes,BTSX,69.43,69.43,60.0-69.9,EN,2020-12-03T16:00:00.000Z,,,,,,,,,,,,,,,,,,
SEAR,South-East Asia,NPL,Nepal,34.19 ,2019,Sex,Both sexes,BTSX,70.88,70.88,70.0-79.9,EN,2020-12-03T16:00:00.000Z,,,,,,,,,,,,,,,,,,
EUR,Europe,NLD,Netherlands,416.44 ,2000,Sex,Both sexes,BTSX,78.01,78.01,70.0-79.9,EN,2020-12-03T16:00:00.000Z,,,,,,,,,,,,,,,,,,
EUR,Europe,NLD,Netherlands,904.09 ,2010,Sex,Both sexes,BTSX,80.68,80.68,>80.0,EN,2020-12-03T16:00:00.000Z,,,,,,,,,,,,,,,,,,
EUR,Europe,NLD,Netherlands,765.26 ,2015,Sex,Both sexes,BTSX,81.28,81.28,>80.0,EN,2020-12-03T16:00:00.000Z,,,,,,,,,,,,,,,,,,
EUR,Europe,NLD,Netherlands,910.19 ,2019,Sex,Both sexes,BTSX,81.79,81.79,>80.0,EN,2020-12-03T16:00:00.000Z,,,,,,,,,,,,,,,,,,
WPR,Western Pacific,NZL,New Zealand,52.62 ,2000,Sex,Both sexes,BTSX,78.57,78.57,70.0-79.9,EN,2020-12-03T16:00:00.000Z,,,,,,,,,,,,,,,,,,
WPR,Western Pacific,NZL,New Zealand,168.29 ,2010,Sex,Both sexes,BTSX,80.94,80.94,>80.0,EN,2020-12-03T16:00:00.000Z,,,,,,,,,,,,,,,,,,
WPR,Western Pacific,NZL,New Zealand,178.06 ,2015,Sex,Both sexes,BTSX,81.31,81.31,>80.0,EN,2020-12-03T16:00:00.000Z,,,,,,,,,,,,,,,,,,
WPR,Western Pacific,NZL,New Zealand,212.89 ,2019,Sex,Both sexes,BTSX,81.96,81.96,>80.0,EN,2020-12-03T16:00:00.000Z,,,,,,,,,,,,,,,,,,
AMR,Americas,NIC,Nicaragua,5.11 ,2000,Sex,Both sexes,BTSX,73.26,73.26,70.0-79.9,EN,2020-12-03T16:00:00.000Z,,,,,,,,,,,,,,,,,,
AMR,Americas,NIC,Nicaragua,9.77 ,2010,Sex,Both sexes,BTSX,74.05,74.05,70.0-79.9,EN,2020-12-03T16:00:00.000Z,,,,,,,,,,,,,,,,,,
AMR,Americas,NIC,Nicaragua,12.76 ,2015,Sex,Both sexes,BTSX,74.62,74.62,70.0-79.9,EN,2020-12-03T16:00:00.000Z,,,,,,,,,,,,,,,,,,
AMR,Americas,NIC,Nicaragua,12.61 ,2019,Sex,Both sexes,BTSX,75.04,75.04,70.0-79.9,EN,2020-12-03T16:00:00.000Z,,,,,,,,,,,,,,,,,,
AFR,Africa,NER,Niger,2.24 ,2000,Sex,Both sexes,BTSX,50.35,50.35,50.0-59.9,EN,2020-12-03T16:00:00.000Z,,,,,,,,,,,,,,,,,,
AFR,Africa,NER,Niger,8.77 ,2010,Sex,Both sexes,BTSX,58.95,58.95,50.0-59.9,EN,2020-12-03T16:00:00.000Z,,,,,,,,,,,,,,,,,,
AFR,Africa,NER,Niger,9.68 ,2015,Sex,Both sexes,BTSX,61.54,61.54,60.0-69.9,EN,2020-12-03T16:00:00.000Z,,,,,,,,,,,,,,,,,,
AFR,Africa,NER,Niger,12.92 ,2019,Sex,Both sexes,BTSX,63.29,63.29,60.0-69.9,EN,2020-12-03T16:00:00.000Z,,,,,,,,,,,,,,,,,,
AFR,Africa,NGA,Nigeria,69.45 ,2000,Sex,Both sexes,BTSX,53.63,53.63,50.0-59.9,EN,2020-12-03T16:00:00.000Z,,,,,,,,,,,,,,,,,,
AFR,Africa,NGA,Nigeria,404.99 ,2010,Sex,Both sexes,BTSX,59.24,59.24,50.0-59.9,EN,2020-12-03T16:00:00.000Z,,,,,,,,,,,,,,,,,,
AFR,Africa,NGA,Nigeria,486.80 ,2015,Sex,Both sexes,BTSX,61.16,61.16,60.0-69.9,EN,2020-12-03T16:00:00.000Z,,,,,,,,,,,,,,,,,,
AFR,Africa,NGA,Nigeria,448.12 ,2019,Sex,Both sexes,BTSX,62.62,62.62,60.0-69.9,EN,2020-12-03T16:00:00.000Z,,,,,,,,,,,,,,,,,,
EUR,Europe,NOR,Norway,171.25 ,2000,Sex,Both sexes,BTSX,78.53,78.53,70.0-79.9,EN,2020-12-03T16:00:00.000Z,,,,,,,,,,,,,,,,,,
EUR,Europe,NOR,Norway,498.28 ,2010,Sex,Both sexes,BTSX,80.87,80.87,>80.0,EN,2020-12-03T16:00:00.000Z,,,,,,,,,,,,,,,,,,
EUR,Europe,NOR,Norway,385.80 ,2015,Sex,Both sexes,BTSX,82.01,82.01,>80.0,EN,2020-12-03T16:00:00.000Z,,,,,,,,,,,,,,,,,,
EUR,Europe,NOR,Norway,404.94 ,2019,Sex,Both sexes,BTSX,82.62,82.62,>80.0,EN,2020-12-03T16:00:00.000Z,,,,,,,,,,,,,,,,,,
EMR,Eastern Mediterranean,OMN,Oman,19.51 ,2000,Sex,Both sexes,BTSX,69.07,69.07,60.0-69.9,EN,2020-12-03T16:00:00.000Z,,,,,,,,,,,,,,,,,,
EMR,Eastern Mediterranean,OMN,Oman,77.50 ,2010,Sex,Both sexes,BTSX,70.36,70.36,70.0-79.9,EN,2020-12-03T16:00:00.000Z,,,,,,,,,,,,,,,,,,
EMR,Eastern Mediterranean,OMN,Oman,78.71 ,2015,Sex,Both sexes,BTSX,72.52,72.52,70.0-79.9,EN,2020-12-03T16:00:00.000Z,,,,,,,,,,,,,,,,,,
EMR,Eastern Mediterranean,OMN,Oman,88.06 ,2019,Sex,Both sexes,BTSX,73.9,73.9,70.0-79.9,EN,2020-12-03T16:00:00.000Z,,,,,,,,,,,,,,,,,,
EMR,Eastern Mediterranean,PAK,Pakistan,82.02 ,2000,Sex,Both sexes,BTSX,60.08,60.08,60.0-69.9,EN,2020-12-03T16:00:00.000Z,,,,,,,,,,,,,,,,,,
EMR,Eastern Mediterranean,PAK,Pakistan,213.59 ,2010,Sex,Both sexes,BTSX,62.64,62.64,60.0-69.9,EN,2020-12-03T16:00:00.000Z,,,,,,,,,,,,,,,,,,
EMR,Eastern Mediterranean,PAK,Pakistan,270.56 ,2015,Sex,Both sexes,BTSX,64.18,64.18,60.0-69.9,EN,2020-12-03T16:00:00.000Z,,,,,,,,,,,,,,,,,,
EMR,Eastern Mediterranean,PAK,Pakistan,279.06 ,2019,Sex,Both sexes,BTSX,65.61,65.61,60.0-69.9,EN,2020-12-03T16:00:00.000Z,,,,,,,,,,,,,,,,,,
AMR,Americas,PAN,Panama,12.30 ,2000,Sex,Both sexes,BTSX,77.23,77.23,70.0-79.9,EN,2020-12-03T16:00:00.000Z,,,,,,,,,,,,,,,,,,
AMR,Americas,PAN,Panama,34.69 ,2010,Sex,Both sexes,BTSX,77.53,77.53,70.0-79.9,EN,2020-12-03T16:00:00.000Z,,,,,,,,,,,,,,,,,,
AMR,Americas,PAN,Panama,54.09 ,2015,Sex,Both sexes,BTSX,78.72,78.72,70.0-79.9,EN,2020-12-03T16:00:00.000Z,,,,,,,,,,,,,,,,,,
AMR,Americas,PAN,Panama,66.98 ,2019,Sex,Both sexes,BTSX,79.29,79.29,70.0-79.9,EN,2020-12-03T16:00:00.000Z,,,,,,,,,,,,,,,,,,
WPR,Western Pacific,PNG,Papua New Guinea,3.52 ,2000,Sex,Both sexes,BTSX,63.29,63.29,60.0-69.9,EN,2020-12-03T16:00:00.000Z,,,,,,,,,,,,,,,,,,
WPR,Western Pacific,PNG,Papua New Guinea,17.98 ,2010,Sex,Both sexes,BTSX,63.42,63.42,60.0-69.9,EN,2020-12-03T16:00:00.000Z,,,,,,,,,,,,,,,,,,
WPR,Western Pacific,PNG,Papua New Guinea,21.72 ,2015,Sex,Both sexes,BTSX,64.49,64.49,60.0-69.9,EN,2020-12-03T16:00:00.000Z,,,,,,,,,,,,,,,,,,
WPR,Western Pacific,PNG,Papua New Guinea,24.75 ,2019,Sex,Both sexes,BTSX,65.3,65.3,60.0-69.9,EN,2020-12-03T16:00:00.000Z,,,,,,,,,,,,,,,,,,
AMR,Americas,PRY,Paraguay,8.86 ,2000,Sex,Both sexes,BTSX,74.8,74.8,70.0-79.9,EN,2020-12-03T16:00:00.000Z,,,,,,,,,,,,,,,,,,
AMR,Americas,PRY,Paraguay,33.76 ,2010,Sex,Both sexes,BTSX,74.99,74.99,70.0-79.9,EN,2020-12-03T16:00:00.000Z,,,,,,,,,,,,,,,,,,
AMR,Americas,PRY,Paraguay,36.21 ,2015,Sex,Both sexes,BTSX,75.56,75.56,70.0-79.9,EN,2020-12-03T16:00:00.000Z,,,,,,,,,,,,,,,,,,
AMR,Americas,PRY,Paraguay,37.91 ,2019,Sex,Both sexes,BTSX,75.81,75.81,70.0-79.9,EN,2020-12-03T16:00:00.000Z,,,,,,,,,,,,,,,,,,
AMR,Americas,PER,Peru,51.74 ,2000,Sex,Both sexes,BTSX,74.42,74.42,70.0-79.9,EN,2020-12-03T16:00:00.000Z,,,,,,,,,,,,,,,,,,
AMR,Americas,PER,Peru,171.76 ,2010,Sex,Both sexes,BTSX,77.28,77.28,70.0-79.9,EN,2020-12-03T16:00:00.000Z,,,,,,,,,,,,,,,,,,
AMR,Americas,PER,Peru,189.81 ,2015,Sex,Both sexes,BTSX,79.08,79.08,70.0-79.9,EN,2020-12-03T16:00:00.000Z,,,,,,,,,,,,,,,,,,
AMR,Americas,PER,Peru,228.47 ,2019,Sex,Both sexes,BTSX,79.9,79.9,70.0-79.9,EN,2020-12-03T16:00:00.000Z,,,,,,,,,,,,,,,,,,
WPR,Western Pacific,PHL,Philippines,83.67 ,2000,Sex,Both sexes,BTSX,69.03,69.03,60.0-69.9,EN,2020-12-03T16:00:00.000Z,,,,,,,,,,,,,,,,,,
WPR,Western Pacific,PHL,Philippines,234.22 ,2010,Sex,Both sexes,BTSX,69.96,69.96,60.0-69.9,EN,2020-12-03T16:00:00.000Z,,,,,,,,,,,,,,,,,,
WPR,Western Pacific,PHL,Philippines,306.45 ,2015,Sex,Both sexes,BTSX,70.3,70.3,70.0-79.9,EN,2020-12-03T16:00:00.000Z,,,,,,,,,,,,,,,,,,
WPR,Western Pacific,PHL,Philippines,376.82 ,2019,Sex,Both sexes,BTSX,70.43,70.43,70.0-79.9,EN,2020-12-03T16:00:00.000Z,,,,,,,,,,,,,,,,,,
EUR,Europe,POL,Poland,172.22 ,2000,Sex,Both sexes,BTSX,73.7,73.7,70.0-79.9,EN,2020-12-03T16:00:00.000Z,,,,,,,,,,,,,,,,,,
EUR,Europe,POL,Poland,528.30 ,2010,Sex,Both sexes,BTSX,76.25,76.25,70.0-79.9,EN,2020-12-03T16:00:00.000Z,,,,,,,,,,,,,,,,,,
EUR,Europe,POL,Poland,477.81 ,2015,Sex,Both sexes,BTSX,77.29,77.29,70.0-79.9,EN,2020-12-03T16:00:00.000Z,,,,,,,,,,,,,,,,,,
EUR,Europe,POL,Poland,597.28 ,2019,Sex,Both sexes,BTSX,78.27,78.27,70.0-79.9,EN,2020-12-03T16:00:00.000Z,,,,,,,,,,,,,,,,,,
EUR,Europe,PRT,Portugal,118.31 ,2000,Sex,Both sexes,BTSX,76.58,76.58,70.0-79.9,EN,2020-12-03T16:00:00.000Z,,,,,,,,,,,,,,,,,,
EUR,Europe,PRT,Portugal,244.80 ,2010,Sex,Both sexes,BTSX,79.73,79.73,70.0-79.9,EN,2020-12-03T16:00:00.000Z,,,,,,,,,,,,,,,,,,
EUR,Europe,PRT,Portugal,199.31 ,2015,Sex,Both sexes,BTSX,80.89,80.89,>80.0,EN,2020-12-03T16:00:00.000Z,,,,,,,,,,,,,,,,,,
EUR,Europe,PRT,Portugal,239.99 ,2019,Sex,Both sexes,BTSX,81.57,81.57,>80.0,EN,2020-12-03T16:00:00.000Z,,,,,,,,,,,,,,,,,,
EMR,Eastern Mediterranean,QAT,Qatar,17.76 ,2000,Sex,Both sexes,BTSX,71.29,71.29,70.0-79.9,EN,2020-12-03T16:00:00.000Z,,,,,,,,,,,,,,,,,,
EMR,Eastern Mediterranean,QAT,Qatar,167.78 ,2010,Sex,Both sexes,BTSX,74.08,74.08,70.0-79.9,EN,2020-12-03T16:00:00.000Z,,,,,,,,,,,,,,,,,,
EMR,Eastern Mediterranean,QAT,Qatar,161.74 ,2015,Sex,Both sexes,BTSX,76.41,76.41,70.0-79.9,EN,2020-12-03T16:00:00.000Z,,,,,,,,,,,,,,,,,,
EMR,Eastern Mediterranean,QAT,Qatar,176.37 ,2019,Sex,Both sexes,BTSX,77.17,77.17,70.0-79.9,EN,2020-12-03T16:00:00.000Z,,,,,,,,,,,,,,,,,,
WPR,Western Pacific,KOR,Republic of Korea,576.18 ,2000,Sex,Both sexes,BTSX,76.21,76.21,70.0-79.9,EN,2020-12-03T16:00:00.000Z,,,,,,,,,,,,,,,,,,
WPR,Western Pacific,KOR,Republic of Korea,1253.22 ,2010,Sex,Both sexes,BTSX,80.58,80.58,>80.0,EN,2020-12-03T16:00:00.000Z,,,,,,,,,,,,,,,,,,
WPR,Western Pacific,KOR,Republic of Korea,1465.77 ,2015,Sex,Both sexes,BTSX,82.2,82.2,>80.0,EN,2020-12-03T16:00:00.000Z,,,,,,,,,,,,,,,,,,
WPR,Western Pacific,KOR,Republic of Korea,1651.42 ,2019,Sex,Both sexes,BTSX,83.3,83.3,>80.0,EN,2020-12-03T16:00:00.000Z,,,,,,,,,,,,,,,,,,
EUR,Europe,MDA,Republic of Moldova,1.29 ,2000,Sex,Both sexes,BTSX,66.87,66.87,60.0-69.9,EN,2020-12-03T16:00:00.000Z,,,,,,,,,,,,,,,,,,
EUR,Europe,MDA,Republic of Moldova,8.41 ,2010,Sex,Both sexes,BTSX,68.81,68.81,60.0-69.9,EN,2020-12-03T16:00:00.000Z,,,,,,,,,,,,,,,,,,
EUR,Europe,MDA,Republic of Moldova,7.75 ,2015,Sex,Both sexes,BTSX,71.13,71.13,70.0-79.9,EN,2020-12-03T16:00:00.000Z,,,,,,,,,,,,,,,,,,
EUR,Europe,MDA,Republic of Moldova,11.97 ,2019,Sex,Both sexes,BTSX,73.26,73.26,70.0-79.9,EN,2020-12-03T16:00:00.000Z,,,,,,,,,,,,,,,,,,
EUR,Europe,ROU,Romania,37.25 ,2000,Sex,Both sexes,BTSX,71.39,71.39,70.0-79.9,EN,2020-12-03T16:00:00.000Z,,,,,,,,,,,,,,,,,,
EUR,Europe,ROU,Romania,183.33 ,2010,Sex,Both sexes,BTSX,73.7,73.7,70.0-79.9,EN,2020-12-03T16:00:00.000Z,,,,,,,,,,,,,,,,,,
EUR,Europe,ROU,Romania,177.73 ,2015,Sex,Both sexes,BTSX,74.82,74.82,70.0-79.9,EN,2020-12-03T16:00:00.000Z,,,,,,,,,,,,,,,,,,
EUR,Europe,ROU,Romania,249.88 ,2019,Sex,Both sexes,BTSX,75.57,75.57,70.0-79.9,EN,2020-12-03T16:00:00.000Z,,,,,,,,,,,,,,,,,,
EUR,Europe,RUS,Russian Federation,259.71 ,2000,Sex,Both sexes,BTSX,65.29,65.29,60.0-69.9,EN,2020-12-03T16:00:00.000Z,,,,,,,,,,,,,,,,,,
EUR,Europe,RUS,Russian Federation,2045.93 ,2010,Sex,Both sexes,BTSX,68.76,68.76,60.0-69.9,EN,2020-12-03T16:00:00.000Z,,,,,,,,,,,,,,,,,,
EUR,Europe,RUS,Russian Federation,1363.48 ,2015,Sex,Both sexes,BTSX,71.3,71.3,70.0-79.9,EN,2020-12-03T16:00:00.000Z,,,,,,,,,,,,,,,,,,
EUR,Europe,RUS,Russian Federation,1687.45 ,2019,Sex,Both sexes,BTSX,73.23,73.23,70.0-79.9,EN,2020-12-03T16:00:00.000Z,,,,,,,,,,,,,,,,,,
AFR,Africa,RWA,Rwanda,2.07 ,2000,Sex,Both sexes,BTSX,47.51,47.51,<50.0,EN,2020-12-03T16:00:00.000Z,,,,,,,,,,,,,,,,,,
AFR,Africa,RWA,Rwanda,6.88 ,2010,Sex,Both sexes,BTSX,64.44,64.44,60.0-69.9,EN,2020-12-03T16:00:00.000Z,,,,,,,,,,,,,,,,,,
AFR,Africa,RWA,Rwanda,8.54 ,2015,Sex,Both sexes,BTSX,67.69,67.69,60.0-69.9,EN,2020-12-03T16:00:00.000Z,,,,,,,,,,,,,,,,,,
AFR,Africa,RWA,Rwanda,10.36 ,2019,Sex,Both sexes,BTSX,69.1,69.1,60.0-69.9,EN,2020-12-03T16:00:00.000Z,,,,,,,,,,,,,,,,,,
AMR,Americas,LCA,Saint Lucia,0.93 ,2000,Sex,Both sexes,BTSX,73.21,73.21,70.0-79.9,EN,2020-12-03T16:00:00.000Z,,,,,,,,,,,,,,,,,,
AMR,Americas,LCA,Saint Lucia,1.58 ,2010,Sex,Both sexes,BTSX,75.2,75.2,70.0-79.9,EN,2020-12-03T16:00:00.000Z,,,,,,,,,,,,,,,,,,
AMR,Americas,LCA,Saint Lucia,1.81 ,2015,Sex,Both sexes,BTSX,75.01,75.01,70.0-79.9,EN,2020-12-03T16:00:00.000Z,,,,,,,,,,,,,,,,,,
AMR,Americas,LCA,Saint Lucia,2.12 ,2019,Sex,Both sexes,BTSX,74.33,74.33,70.0-79.9,EN,2020-12-03T16:00:00.000Z,,,,,,,,,,,,,,,,,,
AMR,Americas,VCT,Saint Vincent and the Grenadines,0.40 ,2000,Sex,Both sexes,BTSX,70.61,70.61,70.0-79.9,EN,2020-12-03T16:00:00.000Z,,,,,,,,,,,,,,,,,,
AMR,Americas,VCT,Saint Vincent and the Grenadines,0.68 ,2010,Sex,Both sexes,BTSX,72.85,72.85,70.0-79.9,EN,2020-12-03T16:00:00.000Z,,,,,,,,,,,,,,,,,,
AMR,Americas,VCT,Saint Vincent and the Grenadines,0.76 ,2015,Sex,Both sexes,BTSX,72.47,72.47,70.0-79.9,EN,2020-12-03T16:00:00.000Z,,,,,,,,,,,,,,,,,,
AMR,Americas,VCT,Saint Vincent and the Grenadines,0.83 ,2019,Sex,Both sexes,BTSX,73.22,73.22,70.0-79.9,EN,2020-12-03T16:00:00.000Z,,,,,,,,,,,,,,,,,,
WPR,Western Pacific,WSM,Samoa,0.27 ,2000,Sex,Both sexes,BTSX,68.51,68.51,60.0-69.9,EN,2020-12-03T16:00:00.000Z,,,,,,,,,,,,,,,,,,
WPR,Western Pacific,WSM,Samoa,0.74 ,2010,Sex,Both sexes,BTSX,69.57,69.57,60.0-69.9,EN,2020-12-03T16:00:00.000Z,,,,,,,,,,,,,,,,,,
WPR,Western Pacific,WSM,Samoa,0.79 ,2015,Sex,Both sexes,BTSX,70.04,70.04,70.0-79.9,EN,2020-12-03T16:00:00.000Z,,,,,,,,,,,,,,,,,,
WPR,Western Pacific,WSM,Samoa,0.85 ,2019,Sex,Both sexes,BTSX,70.45,70.45,70.0-79.9,EN,2020-12-03T16:00:00.000Z,,,,,,,,,,,,,,,,,,
AFR,Africa,STP,Sao Tome and Principe,..,2000,Sex,Both sexes,BTSX,63.45,63.45,60.0-69.9,EN,2020-12-03T16:00:00.000Z,,,,,,,,,,,,,,,,,,
AFR,Africa,STP,Sao Tome and Principe,0.23 ,2010,Sex,Both sexes,BTSX,68.24,68.24,60.0-69.9,EN,2020-12-03T16:00:00.000Z,,,,,,,,,,,,,,,,,,
AFR,Africa,STP,Sao Tome and Principe,0.32 ,2015,Sex,Both sexes,BTSX,69.6,69.6,60.0-69.9,EN,2020-12-03T16:00:00.000Z,,,,,,,,,,,,,,,,,,
AFR,Africa,STP,Sao Tome and Principe,0.43 ,2019,Sex,Both sexes,BTSX,70.42,70.42,70.0-79.9,EN,2020-12-03T16:00:00.000Z,,,,,,,,,,,,,,,,,,
EMR,Eastern Mediterranean,SAU,Saudi Arabia,189.51 ,2000,Sex,Both sexes,BTSX,70.52,70.52,70.0-79.9,EN,2020-12-03T16:00:00.000Z,,,,,,,,,,,,,,,,,,
EMR,Eastern Mediterranean,SAU,Saudi Arabia,671.24 ,2010,Sex,Both sexes,BTSX,71.76,71.76,70.0-79.9,EN,2020-12-03T16:00:00.000Z,,,,,,,,,,,,,,,,,,
EMR,Eastern Mediterranean,SAU,Saudi Arabia,654.27 ,2015,Sex,Both sexes,BTSX,73.15,73.15,70.0-79.9,EN,2020-12-03T16:00:00.000Z,,,,,,,,,,,,,,,,,,
EMR,Eastern Mediterranean,SAU,Saudi Arabia,792.97 ,2019,Sex,Both sexes,BTSX,74.31,74.31,70.0-79.9,EN,2020-12-03T16:00:00.000Z,,,,,,,,,,,,,,,,,,
AFR,Africa,SEN,Senegal,6.01 ,2000,Sex,Both sexes,BTSX,58.6,58.6,50.0-59.9,EN,2020-12-03T16:00:00.000Z,,,,,,,,,,,,,,,,,,
AFR,Africa,SEN,Senegal,17.81 ,2010,Sex,Both sexes,BTSX,65.47,65.47,60.0-69.9,EN,2020-12-03T16:00:00.000Z,,,,,,,,,,,,,,,,,,
AFR,Africa,SEN,Senegal,17.77 ,2015,Sex,Both sexes,BTSX,67.2,67.2,60.0-69.9,EN,2020-12-03T16:00:00.000Z,,,,,,,,,,,,,,,,,,
AFR,Africa,SEN,Senegal,23.31 ,2019,Sex,Both sexes,BTSX,68.58,68.58,60.0-69.9,EN,2020-12-03T16:00:00.000Z,,,,,,,,,,,,,,,,,,
EUR,Europe,SRB,Serbia,6.88 ,2000,Sex,Both sexes,BTSX,71.43,71.43,70.0-79.9,EN,2020-12-03T16:00:00.000Z,,,,,,,,,,,,,,,,,,
EUR,Europe,SRB,Serbia,49.26 ,2010,Sex,Both sexes,BTSX,74.2,74.2,70.0-79.9,EN,2020-12-03T16:00:00.000Z,,,,,,,,,,,,,,,,,,
EUR,Europe,SRB,Serbia,39.66 ,2015,Sex,Both sexes,BTSX,75.21,75.21,70.0-79.9,EN,2020-12-03T16:00:00.000Z,,,,,,,,,,,,,,,,,,
EUR,Europe,SRB,Serbia,51.51 ,2019,Sex,Both sexes,BTSX,75.87,75.87,70.0-79.9,EN,2020-12-03T16:00:00.000Z,,,,,,,,,,,,,,,,,,
AFR,Africa,SYC,Seychelles,0.61 ,2000,Sex,Both sexes,BTSX,71.87,71.87,70.0-79.9,EN,2020-12-03T16:00:00.000Z,,,,,,,,,,,,,,,,,,
AFR,Africa,SYC,Seychelles,1.07 ,2010,Sex,Both sexes,BTSX,73.01,73.01,70.0-79.9,EN,2020-12-03T16:00:00.000Z,,,,,,,,,,,,,,,,,,
AFR,Africa,SYC,Seychelles,1.38 ,2015,Sex,Both sexes,BTSX,73.2,73.2,70.0-79.9,EN,2020-12-03T16:00:00.000Z,,,,,,,,,,,,,,,,,,
AFR,Africa,SYC,Seychelles,1.58 ,2019,Sex,Both sexes,BTSX,73.34,73.34,70.0-79.9,EN,2020-12-03T16:00:00.000Z,,,,,,,,,,,,,,,,,,
AFR,Africa,SLE,Sierra Leone,0.64 ,2000,Sex,Both sexes,BTSX,48.73,48.73,<50.0,EN,2020-12-03T16:00:00.000Z,,,,,,,,,,,,,,,,,,
AFR,Africa,SLE,Sierra Leone,2.94 ,2010,Sex,Both sexes,BTSX,54.74,54.74,50.0-59.9,EN,2020-12-03T16:00:00.000Z,,,,,,,,,,,,,,,,,,
AFR,Africa,SLE,Sierra Leone,4.22 ,2015,Sex,Both sexes,BTSX,56.94,56.94,50.0-59.9,EN,2020-12-03T16:00:00.000Z,,,,,,,,,,,,,,,,,,
AFR,Africa,SLE,Sierra Leone,4.08 ,2019,Sex,Both sexes,BTSX,60.77,60.77,60.0-69.9,EN,2020-12-03T16:00:00.000Z,,,,,,,,,,,,,,,,,,
WPR,Western Pacific,SGP,Singapore,96.07 ,2000,Sex,Both sexes,BTSX,78.44,78.44,70.0-79.9,EN,2020-12-03T16:00:00.000Z,,,,,,,,,,,,,,,,,,
WPR,Western Pacific,SGP,Singapore,279.35 ,2010,Sex,Both sexes,BTSX,81.7,81.7,>80.0,EN,2020-12-03T16:00:00.000Z,,,,,,,,,,,,,,,,,,
WPR,Western Pacific,SGP,Singapore,308.00 ,2015,Sex,Both sexes,BTSX,82.81,82.81,>80.0,EN,2020-12-03T16:00:00.000Z,,,,,,,,,,,,,,,,,,
WPR,Western Pacific,SGP,Singapore,374.39 ,2019,Sex,Both sexes,BTSX,83.22,83.22,>80.0,EN,2020-12-03T16:00:00.000Z,,,,,,,,,,,,,,,,,,
EUR,Europe,SVK,Slovakia,29.17 ,2000,Sex,Both sexes,BTSX,73.3,73.3,70.0-79.9,EN,2020-12-03T16:00:00.000Z,,,,,,,,,,,,,,,,,,
EUR,Europe,SVK,Slovakia,99.36 ,2010,Sex,Both sexes,BTSX,75.47,75.47,70.0-79.9,EN,2020-12-03T16:00:00.000Z,,,,,,,,,,,,,,,,,,
EUR,Europe,SVK,Slovakia,88.60 ,2015,Sex,Both sexes,BTSX,77.01,77.01,70.0-79.9,EN,2020-12-03T16:00:00.000Z,,,,,,,,,,,,,,,,,,
EUR,Europe,SVK,Slovakia,105.28 ,2019,Sex,Both sexes,BTSX,78.23,78.23,70.0-79.9,EN,2020-12-03T16:00:00.000Z,,,,,,,,,,,,,,,,,,
EUR,Europe,SVN,Slovenia,20.29 ,2000,Sex,Both sexes,BTSX,76.05,76.05,70.0-79.9,EN,2020-12-03T16:00:00.000Z,,,,,,,,,,,,,,,,,,
EUR,Europe,SVN,Slovenia,51.52 ,2010,Sex,Both sexes,BTSX,79.55,79.55,70.0-79.9,EN,2020-12-03T16:00:00.000Z,,,,,,,,,,,,,,,,,,
EUR,Europe,SVN,Slovenia,43.09 ,2015,Sex,Both sexes,BTSX,80.47,80.47,>80.0,EN,2020-12-03T16:00:00.000Z,,,,,,,,,,,,,,,,,,
EUR,Europe,SVN,Slovenia,54.18 ,2019,Sex,Both sexes,BTSX,81.31,81.31,>80.0,EN,2020-12-03T16:00:00.000Z,,,,,,,,,,,,,,,,,,
WPR,Western Pacific,SLB,Solomon Islands,0.42 ,2000,Sex,Both sexes,BTSX,62.51,62.51,60.0-69.9,EN,2020-12-03T16:00:00.000Z,,,,,,,,,,,,,,,,,,
WPR,Western Pacific,SLB,Solomon Islands,1.05 ,2010,Sex,Both sexes,BTSX,63.69,63.69,60.0-69.9,EN,2020-12-03T16:00:00.000Z,,,,,,,,,,,,,,,,,,
WPR,Western Pacific,SLB,Solomon Islands,1.31 ,2015,Sex,Both sexes,BTSX,64.74,64.74,60.0-69.9,EN,2020-12-03T16:00:00.000Z,,,,,,,,,,,,,,,,,,
WPR,Western Pacific,SLB,Solomon Islands,1.57 ,2019,Sex,Both sexes,BTSX,65.25,65.25,60.0-69.9,EN,2020-12-03T16:00:00.000Z,,,,,,,,,,,,,,,,,,
EMR,Eastern Mediterranean,SOM,Somalia,..,2000,Sex,Both sexes,BTSX,49.87,49.87,<50.0,EN,2020-12-03T16:00:00.000Z,,,,,,,,,,,,,,,,,,
EMR,Eastern Mediterranean,SOM,Somalia,..,2010,Sex,Both sexes,BTSX,51.98,51.98,50.0-59.9,EN,2020-12-03T16:00:00.000Z,,,,,,,,,,,,,,,,,,
EMR,Eastern Mediterranean,SOM,Somalia,5.33 ,2015,Sex,Both sexes,BTSX,54.57,54.57,50.0-59.9,EN,2020-12-03T16:00:00.000Z,,,,,,,,,,,,,,,,,,
EMR,Eastern Mediterranean,SOM,Somalia,6.48 ,2019,Sex,Both sexes,BTSX,56.47,56.47,50.0-59.9,EN,2020-12-03T16:00:00.000Z,,,,,,,,,,,,,,,,,,
AFR,Africa,ZAF,South Africa,151.75 ,2000,Sex,Both sexes,BTSX,55.75,55.75,50.0-59.9,EN,2020-12-03T16:00:00.000Z,,,,,,,,,,,,,,,,,,
AFR,Africa,ZAF,South Africa,458.20 ,2010,Sex,Both sexes,BTSX,57.14,57.14,50.0-59.9,EN,2020-12-03T16:00:00.000Z,,,,,,,,,,,,,,,,,,
AFR,Africa,ZAF,South Africa,346.71 ,2015,Sex,Both sexes,BTSX,62.57,62.57,60.0-69.9,EN,2020-12-03T16:00:00.000Z,,,,,,,,,,,,,,,,,,
AFR,Africa,ZAF,South Africa,387.93 ,2019,Sex,Both sexes,BTSX,65.25,65.25,60.0-69.9,EN,2020-12-03T16:00:00.000Z,,,,,,,,,,,,,,,,,,
AFR,Africa,SSD,South Sudan,..,2000,Sex,Both sexes,BTSX,54.15,54.15,50.0-59.9,EN,2020-12-03T16:00:00.000Z,,,,,,,,,,,,,,,,,,
AFR,Africa,SSD,South Sudan,14.91 ,2010,Sex,Both sexes,BTSX,61.1,61.1,60.0-69.9,EN,2020-12-03T16:00:00.000Z,,,,,,,,,,,,,,,,,,
AFR,Africa,SSD,South Sudan,12.00 ,2015,Sex,Both sexes,BTSX,61.99,61.99,60.0-69.9,EN,2020-12-03T16:00:00.000Z,,,,,,,,,,,,,,,,,,
AFR,Africa,SSD,South Sudan,..,2019,Sex,Both sexes,BTSX,62.79,62.79,60.0-69.9,EN,2020-12-03T16:00:00.000Z,,,,,,,,,,,,,,,,,,
EUR,Europe,ESP,Spain,596.88 ,2000,Sex,Both sexes,BTSX,79.08,79.08,70.0-79.9,EN,2020-12-03T16:00:00.000Z,,,,,,,,,,,,,,,,,,
EUR,Europe,ESP,Spain,1478.77 ,2010,Sex,Both sexes,BTSX,81.69,81.69,>80.0,EN,2020-12-03T16:00:00.000Z,,,,,,,,,,,,,,,,,,
EUR,Europe,ESP,Spain,1195.12 ,2015,Sex,Both sexes,BTSX,82.33,82.33,>80.0,EN,2020-12-03T16:00:00.000Z,,,,,,,,,,,,,,,,,,
EUR,Europe,ESP,Spain,1393.05 ,2019,Sex,Both sexes,BTSX,83.22,83.22,>80.0,EN,2020-12-03T16:00:00.000Z,,,,,,,,,,,,,,,,,,
SEAR,South-East Asia,LKA,Sri Lanka,16.33 ,2000,Sex,Both sexes,BTSX,71.89,71.89,70.0-79.9,EN,2020-12-03T16:00:00.000Z,,,,,,,,,,,,,,,,,,
SEAR,South-East Asia,LKA,Sri Lanka,65.29 ,2010,Sex,Both sexes,BTSX,73.3,73.3,70.0-79.9,EN,2020-12-03T16:00:00.000Z,,,,,,,,,,,,,,,,,,
SEAR,South-East Asia,LKA,Sri Lanka,80.60 ,2015,Sex,Both sexes,BTSX,76.27,76.27,70.0-79.9,EN,2020-12-03T16:00:00.000Z,,,,,,,,,,,,,,,,,,
SEAR,South-East Asia,LKA,Sri Lanka,83.99 ,2019,Sex,Both sexes,BTSX,76.87,76.87,70.0-79.9,EN,2020-12-03T16:00:00.000Z,,,,,,,,,,,,,,,,,,
EMR,Eastern Mediterranean,SDN,Sudan,12.26 ,2000,Sex,Both sexes,BTSX,62.47,62.47,60.0-69.9,EN,2020-12-03T16:00:00.000Z,,,,,,,,,,,,,,,,,,
EMR,Eastern Mediterranean,SDN,Sudan,55.02 ,2010,Sex,Both sexes,BTSX,66.56,66.56,60.0-69.9,EN,2020-12-03T16:00:00.000Z,,,,,,,,,,,,,,,,,,
EMR,Eastern Mediterranean,SDN,Sudan,51.73 ,2015,Sex,Both sexes,BTSX,67.94,67.94,60.0-69.9,EN,2020-12-03T16:00:00.000Z,,,,,,,,,,,,,,,,,,
EMR,Eastern Mediterranean,SDN,Sudan,26.16 ,2019,Sex,Both sexes,BTSX,69.15,69.15,60.0-69.9,EN,2020-12-03T16:00:00.000Z,,,,,,,,,,,,,,,,,,
AMR,Americas,SUR,Suriname,0.95 ,2000,Sex,Both sexes,BTSX,69.94,69.94,60.0-69.9,EN,2020-12-03T16:00:00.000Z,,,,,,,,,,,,,,,,,,
AMR,Americas,SUR,Suriname,4.42 ,2010,Sex,Both sexes,BTSX,71.83,71.83,70.0-79.9,EN,2020-12-03T16:00:00.000Z,,,,,,,,,,,,,,,,,,
AMR,Americas,SUR,Suriname,5.13 ,2015,Sex,Both sexes,BTSX,72.6,72.6,70.0-79.9,EN,2020-12-03T16:00:00.000Z,,,,,,,,,,,,,,,,,,
AMR,Americas,SUR,Suriname,3.98 ,2019,Sex,Both sexes,BTSX,71.48,71.48,70.0-79.9,EN,2020-12-03T16:00:00.000Z,,,,,,,,,,,,,,,,,,
EUR,Europe,SWE,Sweden,262.84 ,2000,Sex,Both sexes,BTSX,79.57,79.57,70.0-79.9,EN,2020-12-03T16:00:00.000Z,,,,,,,,,,,,,,,,,,
EUR,Europe,SWE,Sweden,574.09 ,2010,Sex,Both sexes,BTSX,81.3,81.3,>80.0,EN,2020-12-03T16:00:00.000Z,,,,,,,,,,,,,,,,,,
EUR,Europe,SWE,Sweden,505.10 ,2015,Sex,Both sexes,BTSX,81.75,81.75,>80.0,EN,2020-12-03T16:00:00.000Z,,,,,,,,,,,,,,,,,,
EUR,Europe,SWE,Sweden,533.88 ,2019,Sex,Both sexes,BTSX,82.4,82.4,>80.0,EN,2020-12-03T16:00:00.000Z,,,,,,,,,,,,,,,,,,
EUR,Europe,CHE,Switzerland,279.84 ,2000,Sex,Both sexes,BTSX,79.72,79.72,70.0-79.9,EN,2020-12-03T16:00:00.000Z,,,,,,,,,,,,,,,,,,
EUR,Europe,CHE,Switzerland,722.04 ,2010,Sex,Both sexes,BTSX,82.19,82.19,>80.0,EN,2020-12-03T16:00:00.000Z,,,,,,,,,,,,,,,,,,
EUR,Europe,CHE,Switzerland,702.15 ,2015,Sex,Both sexes,BTSX,82.61,82.61,>80.0,EN,2020-12-03T16:00:00.000Z,,,,,,,,,,,,,,,,,,
EUR,Europe,CHE,Switzerland,731.77 ,2019,Sex,Both sexes,BTSX,83.45,83.45,>80.0,EN,2020-12-03T16:00:00.000Z,,,,,,,,,,,,,,,,,,
EMR,Eastern Mediterranean,SYR,Syrian Arab Republic,80.59 ,2000,Sex,Both sexes,BTSX,71.46,71.46,70.0-79.9,EN,2020-12-03T16:00:00.000Z,,,,,,,,,,,,,,,,,,
EMR,Eastern Mediterranean,SYR,Syrian Arab Republic,64.32 ,2010,Sex,Both sexes,BTSX,74.35,74.35,70.0-79.9,EN,2020-12-03T16:00:00.000Z,,,,,,,,,,,,,,,,,,
EMR,Eastern Mediterranean,SYR,Syrian Arab Republic,16.49 ,2015,Sex,Both sexes,BTSX,64.4,64.4,60.0-69.9,EN,2020-12-03T16:00:00.000Z,,,,,,,,,,,,,,,,,,
EMR,Eastern Mediterranean,SYR,Syrian Arab Republic,22.78 ,2019,Sex,Both sexes,BTSX,72.67,72.67,70.0-79.9,EN,2020-12-03T16:00:00.000Z,,,,,,,,,,,,,,,,,,
EUR,Europe,TJK,Tajikistan,0.86 ,2000,Sex,Both sexes,BTSX,65.58,65.58,60.0-69.9,EN,2020-12-03T16:00:00.000Z,,,,,,,,,,,,,,,,,,
EUR,Europe,TJK,Tajikistan,6.52 ,2010,Sex,Both sexes,BTSX,68.01,68.01,60.0-69.9,EN,2020-12-03T16:00:00.000Z,,,,,,,,,,,,,,,,,,
EUR,Europe,TJK,Tajikistan,8.27 ,2015,Sex,Both sexes,BTSX,68.66,68.66,60.0-69.9,EN,2020-12-03T16:00:00.000Z,,,,,,,,,,,,,,,,,,
EUR,Europe,TJK,Tajikistan,8.30 ,2019,Sex,Both sexes,BTSX,69.5,69.5,60.0-69.9,EN,2020-12-03T16:00:00.000Z,,,,,,,,,,,,,,,,,,
SEAR,South-East Asia,THA,Thailand,126.39 ,2000,Sex,Both sexes,BTSX,71.25,71.25,70.0-79.9,EN,2020-12-03T16:00:00.000Z,,,,,,,,,,,,,,,,,,
SEAR,South-East Asia,THA,Thailand,370.82 ,2010,Sex,Both sexes,BTSX,76.25,76.25,70.0-79.9,EN,2020-12-03T16:00:00.000Z,,,,,,,,,,,,,,,,,,
SEAR,South-East Asia,THA,Thailand,401.30 ,2015,Sex,Both sexes,BTSX,77.41,77.41,70.0-79.9,EN,2020-12-03T16:00:00.000Z,,,,,,,,,,,,,,,,,,
SEAR,South-East Asia,THA,Thailand,544.26 ,2019,Sex,Both sexes,BTSX,77.7,77.7,70.0-79.9,EN,2020-12-03T16:00:00.000Z,,,,,,,,,,,,,,,,,,
EUR,Europe,MKD,The former Yugoslav Republic of Macedonia,3.77 ,2000,Sex,Both sexes,BTSX,71.11,71.11,70.0-79.9,EN,2020-12-03T16:00:00.000Z,,,,,,,,,,,,,,,,,,
EUR,Europe,MKD,The former Yugoslav Republic of Macedonia,10.49 ,2010,Sex,Both sexes,BTSX,73.11,73.11,70.0-79.9,EN,2020-12-03T16:00:00.000Z,,,,,,,,,,,,,,,,,,
EUR,Europe,MKD,The former Yugoslav Republic of Macedonia,10.06 ,2015,Sex,Both sexes,BTSX,73.73,73.73,70.0-79.9,EN,2020-12-03T16:00:00.000Z,,,,,,,,,,,,,,,,,,
EUR,Europe,MKD,The former Yugoslav Republic of Macedonia,12.61 ,2019,Sex,Both sexes,BTSX,74.82,74.82,70.0-79.9,EN,2020-12-03T16:00:00.000Z,,,,,,,,,,,,,,,,,,
SEAR,South-East Asia,TLS,Timor-Leste,0.37 ,2000,Sex,Both sexes,BTSX,62.67,62.67,60.0-69.9,EN,2020-12-03T16:00:00.000Z,,,,,,,,,,,,,,,,,,
SEAR,South-East Asia,TLS,Timor-Leste,1.04 ,2010,Sex,Both sexes,BTSX,68.06,68.06,60.0-69.9,EN,2020-12-03T16:00:00.000Z,,,,,,,,,,,,,,,,,,
SEAR,South-East Asia,TLS,Timor-Leste,1.59 ,2015,Sex,Both sexes,BTSX,68.87,68.87,60.0-69.9,EN,2020-12-03T16:00:00.000Z,,,,,,,,,,,,,,,,,,
SEAR,South-East Asia,TLS,Timor-Leste,2.05 ,2019,Sex,Both sexes,BTSX,69.62,69.62,60.0-69.9,EN,2020-12-03T16:00:00.000Z,,,,,,,,,,,,,,,,,,
AFR,Africa,TGO,Togo,1.49 ,2000,Sex,Both sexes,BTSX,55.95,55.95,50.0-59.9,EN,2020-12-03T16:00:00.000Z,,,,,,,,,,,,,,,,,,
AFR,Africa,TGO,Togo,3.87 ,2010,Sex,Both sexes,BTSX,59.33,59.33,50.0-59.9,EN,2020-12-03T16:00:00.000Z,,,,,,,,,,,,,,,,,,
AFR,Africa,TGO,Togo,4.18 ,2015,Sex,Both sexes,BTSX,61.92,61.92,60.0-69.9,EN,2020-12-03T16:00:00.000Z,,,,,,,,,,,,,,,,,,
AFR,Africa,TGO,Togo,7.22 ,2019,Sex,Both sexes,BTSX,64.27,64.27,60.0-69.9,EN,2020-12-03T16:00:00.000Z,,,,,,,,,,,,,,,,,,
WPR,Western Pacific,TON,Tonga,0.20 ,2000,Sex,Both sexes,BTSX,70.92,70.92,70.0-79.9,EN,2020-12-03T16:00:00.000Z,,,,,,,,,,,,,,,,,,
WPR,Western Pacific,TON,Tonga,0.41 ,2010,Sex,Both sexes,BTSX,72.22,72.22,70.0-79.9,EN,2020-12-03T16:00:00.000Z,,,,,,,,,,,,,,,,,,
WPR,Western Pacific,TON,Tonga,0.44 ,2015,Sex,Both sexes,BTSX,72.33,72.33,70.0-79.9,EN,2020-12-03T16:00:00.000Z,,,,,,,,,,,,,,,,,,
WPR,Western Pacific,TON,Tonga,0.51 ,2019,Sex,Both sexes,BTSX,72.57,72.57,70.0-79.9,EN,2020-12-03T16:00:00.000Z,,,,,,,,,,,,,,,,,,
AMR,Americas,TTO,Trinidad and Tobago,8.15 ,2000,Sex,Both sexes,BTSX,69.7,69.7,60.0-69.9,EN,2020-12-03T16:00:00.000Z,,,,,,,,,,,,,,,,,,
AMR,Americas,TTO,Trinidad and Tobago,25.43 ,2010,Sex,Both sexes,BTSX,72.12,72.12,70.0-79.9,EN,2020-12-03T16:00:00.000Z,,,,,,,,,,,,,,,,,,
AMR,Americas,TTO,Trinidad and Tobago,24.96 ,2015,Sex,Both sexes,BTSX,74.61,74.61,70.0-79.9,EN,2020-12-03T16:00:00.000Z,,,,,,,,,,,,,,,,,,
AMR,Americas,TTO,Trinidad and Tobago,23.21 ,2019,Sex,Both sexes,BTSX,76.13,76.13,70.0-79.9,EN,2020-12-03T16:00:00.000Z,,,,,,,,,,,,,,,,,,
EMR,Eastern Mediterranean,TUN,Tunisia,21.47 ,2000,Sex,Both sexes,BTSX,74.12,74.12,70.0-79.9,EN,2020-12-03T16:00:00.000Z,,,,,,,,,,,,,,,,,,
EMR,Eastern Mediterranean,TUN,Tunisia,48.12 ,2010,Sex,Both sexes,BTSX,76.05,76.05,70.0-79.9,EN,2020-12-03T16:00:00.000Z,,,,,,,,,,,,,,,,,,
EMR,Eastern Mediterranean,TUN,Tunisia,45.78 ,2015,Sex,Both sexes,BTSX,76.7,76.7,70.0-79.9,EN,2020-12-03T16:00:00.000Z,,,,,,,,,,,,,,,,,,
EMR,Eastern Mediterranean,TUN,Tunisia,41.80 ,2019,Sex,Both sexes,BTSX,77.04,77.04,70.0-79.9,EN,2020-12-03T16:00:00.000Z,,,,,,,,,,,,,,,,,,
EUR,Europe,TUR,Turkey,274.30 ,2000,Sex,Both sexes,BTSX,74.41,74.41,70.0-79.9,EN,2020-12-03T16:00:00.000Z,,,,,,,,,,,,,,,,,,
EUR,Europe,TUR,Turkey,838.76 ,2010,Sex,Both sexes,BTSX,76.89,76.89,70.0-79.9,EN,2020-12-03T16:00:00.000Z,,,,,,,,,,,,,,,,,,
EUR,Europe,TUR,Turkey,864.32 ,2015,Sex,Both sexes,BTSX,77.79,77.79,70.0-79.9,EN,2020-12-03T16:00:00.000Z,,,,,,,,,,,,,,,,,,
EUR,Europe,TUR,Turkey,761.00 ,2019,Sex,Both sexes,BTSX,78.62,78.62,70.0-79.9,EN,2020-12-03T16:00:00.000Z,,,,,,,,,,,,,,,,,,
EUR,Europe,TKM,Turkmenistan,2.90 ,2000,Sex,Both sexes,BTSX,63.32,63.32,60.0-69.9,EN,2020-12-03T16:00:00.000Z,,,,,,,,,,,,,,,,,,
EUR,Europe,TKM,Turkmenistan,29.23 ,2010,Sex,Both sexes,BTSX,67.31,67.31,60.0-69.9,EN,2020-12-03T16:00:00.000Z,,,,,,,,,,,,,,,,,,
EUR,Europe,TKM,Turkmenistan,35.80 ,2015,Sex,Both sexes,BTSX,69.11,69.11,60.0-69.9,EN,2020-12-03T16:00:00.000Z,,,,,,,,,,,,,,,,,,
EUR,Europe,TKM,Turkmenistan,45.23 ,2019,Sex,Both sexes,BTSX,69.75,69.75,60.0-69.9,EN,2020-12-03T16:00:00.000Z,,,,,,,,,,,,,,,,,,
AFR,Africa,UGA,Uganda,6.19 ,2000,Sex,Both sexes,BTSX,48.76,48.76,<50.0,EN,2020-12-03T16:00:00.000Z,,,,,,,,,,,,,,,,,,
AFR,Africa,UGA,Uganda,27.87 ,2010,Sex,Both sexes,BTSX,59.67,59.67,50.0-59.9,EN,2020-12-03T16:00:00.000Z,,,,,,,,,,,,,,,,,,
AFR,Africa,UGA,Uganda,32.39 ,2015,Sex,Both sexes,BTSX,64.47,64.47,60.0-69.9,EN,2020-12-03T16:00:00.000Z,,,,,,,,,,,,,,,,,,
AFR,Africa,UGA,Uganda,35.35 ,2019,Sex,Both sexes,BTSX,66.69,66.69,60.0-69.9,EN,2020-12-03T16:00:00.000Z,,,,,,,,,,,,,,,,,,
EUR,Europe,UKR,Ukraine,32.38 ,2000,Sex,Both sexes,BTSX,67.53,67.53,60.0-69.9,EN,2020-12-03T16:00:00.000Z,,,,,,,,,,,,,,,,,,
EUR,Europe,UKR,Ukraine,169.33 ,2010,Sex,Both sexes,BTSX,70.2,70.2,70.0-79.9,EN,2020-12-03T16:00:00.000Z,,,,,,,,,,,,,,,,,,
EUR,Europe,UKR,Ukraine,91.03 ,2015,Sex,Both sexes,BTSX,72.2,72.2,70.0-79.9,EN,2020-12-03T16:00:00.000Z,,,,,,,,,,,,,,,,,,
EUR,Europe,UKR,Ukraine,153.88 ,2019,Sex,Both sexes,BTSX,73.02,73.02,70.0-79.9,EN,2020-12-03T16:00:00.000Z,,,,,,,,,,,,,,,,,,
EMR,Eastern Mediterranean,ARE,United Arab Emirates,104.34 ,2000,Sex,Both sexes,BTSX,73.18,73.18,70.0-79.9,EN,2020-12-03T16:00:00.000Z,,,,,,,,,,,,,,,,,,
EMR,Eastern Mediterranean,ARE,United Arab Emirates,350.67 ,2010,Sex,Both sexes,BTSX,74.86,74.86,70.0-79.9,EN,2020-12-03T16:00:00.000Z,,,,,,,,,,,,,,,,,,
EMR,Eastern Mediterranean,ARE,United Arab Emirates,358.14 ,2015,Sex,Both sexes,BTSX,75.31,75.31,70.0-79.9,EN,2020-12-03T16:00:00.000Z,,,,,,,,,,,,,,,,,,
EMR,Eastern Mediterranean,ARE,United Arab Emirates,417.22 ,2019,Sex,Both sexes,BTSX,76.08,76.08,70.0-79.9,EN,2020-12-03T16:00:00.000Z,,,,,,,,,,,,,,,,,,
EUR,Europe,GBR,United Kingdom of Great Britain and Northern Ireland,1662.13 ,2000,Sex,Both sexes,BTSX,77.85,77.85,70.0-79.9,EN,2020-12-03T16:00:00.000Z,,,,,,,,,,,,,,,,,,
EUR,Europe,GBR,United Kingdom of Great Britain and Northern Ireland,2674.89 ,2010,Sex,Both sexes,BTSX,80.25,80.25,>80.0,EN,2020-12-03T16:00:00.000Z,,,,,,,,,,,,,,,,,,
EUR,Europe,GBR,United Kingdom of Great Britain and Northern Ireland,2956.57 ,2015,Sex,Both sexes,BTSX,80.65,80.65,>80.0,EN,2020-12-03T16:00:00.000Z,,,,,,,,,,,,,,,,,,
EUR,Europe,GBR,United Kingdom of Great Britain and Northern Ireland,2878.67 ,2019,Sex,Both sexes,BTSX,81.4,81.4,>80.0,EN,2020-12-03T16:00:00.000Z,,,,,,,,,,,,,,,,,,
AFR,Africa,TZA,United Republic of Tanzania,13.38 ,2000,Sex,Both sexes,BTSX,52.47,52.47,50.0-59.9,EN,2020-12-03T16:00:00.000Z,,,,,,,,,,,,,,,,,,
AFR,Africa,TZA,United Republic of Tanzania,34.66 ,2010,Sex,Both sexes,BTSX,61.39,61.39,60.0-69.9,EN,2020-12-03T16:00:00.000Z,,,,,,,,,,,,,,,,,,
AFR,Africa,TZA,United Republic of Tanzania,47.38 ,2015,Sex,Both sexes,BTSX,65.36,65.36,60.0-69.9,EN,2020-12-03T16:00:00.000Z,,,,,,,,,,,,,,,,,,
AFR,Africa,TZA,United Republic of Tanzania,61.14 ,2019,Sex,Both sexes,BTSX,67.34,67.34,60.0-69.9,EN,2020-12-03T16:00:00.000Z,,,,,,,,,,,,,,,,,,
AMR,Americas,USA,United States of America,10252.35 ,2000,Sex,Both sexes,BTSX,76.69,76.69,70.0-79.9,EN,2020-12-03T16:00:00.000Z,,,,,,,,,,,,,,,,,,
AMR,Americas,USA,United States of America,15542.58 ,2010,Sex,Both sexes,BTSX,78.56,78.56,70.0-79.9,EN,2020-12-03T16:00:00.000Z,,,,,,,,,,,,,,,,,,
AMR,Americas,USA,United States of America,18238.30 ,2015,Sex,Both sexes,BTSX,78.56,78.56,70.0-79.9,EN,2020-12-03T16:00:00.000Z,,,,,,,,,,,,,,,,,,
AMR,Americas,USA,United States of America,21433.22 ,2019,Sex,Both sexes,BTSX,78.5,78.5,70.0-79.9,EN,2020-12-03T16:00:00.000Z,,,,,,,,,,,,,,,,,,
AMR,Americas,URY,Uruguay,22.82 ,2000,Sex,Both sexes,BTSX,74.82,74.82,70.0-79.9,EN,2020-12-03T16:00:00.000Z,,,,,,,,,,,,,,,,,,
AMR,Americas,URY,Uruguay,47.96 ,2010,Sex,Both sexes,BTSX,76.36,76.36,70.0-79.9,EN,2020-12-03T16:00:00.000Z,,,,,,,,,,,,,,,,,,
AMR,Americas,URY,Uruguay,53.27 ,2015,Sex,Both sexes,BTSX,77.03,77.03,70.0-79.9,EN,2020-12-03T16:00:00.000Z,,,,,,,,,,,,,,,,,,
AMR,Americas,URY,Uruguay,61.23 ,2019,Sex,Both sexes,BTSX,77.1,77.1,70.0-79.9,EN,2020-12-03T16:00:00.000Z,,,,,,,,,,,,,,,,,,
EUR,Europe,UZB,Uzbekistan,13.76 ,2000,Sex,Both sexes,BTSX,65.27,65.27,60.0-69.9,EN,2020-12-03T16:00:00.000Z,,,,,,,,,,,,,,,,,,
EUR,Europe,UZB,Uzbekistan,60.18 ,2010,Sex,Both sexes,BTSX,70.19,70.19,70.0-79.9,EN,2020-12-03T16:00:00.000Z,,,,,,,,,,,,,,,,,,
EUR,Europe,UZB,Uzbekistan,86.20 ,2015,Sex,Both sexes,BTSX,71.45,71.45,70.0-79.9,EN,2020-12-03T16:00:00.000Z,,,,,,,,,,,,,,,,,,
EUR,Europe,UZB,Uzbekistan,59.91 ,2019,Sex,Both sexes,BTSX,73.01,73.01,70.0-79.9,EN,2020-12-03T16:00:00.000Z,,,,,,,,,,,,,,,,,,
WPR,Western Pacific,VUT,Vanuatu,0.27 ,2000,Sex,Both sexes,BTSX,63.9,63.9,60.0-69.9,EN,2020-12-03T16:00:00.000Z,,,,,,,,,,,,,,,,,,
WPR,Western Pacific,VUT,Vanuatu,0.77 ,2010,Sex,Both sexes,BTSX,64.52,64.52,60.0-69.9,EN,2020-12-03T16:00:00.000Z,,,,,,,,,,,,,,,,,,
WPR,Western Pacific,VUT,Vanuatu,0.73 ,2015,Sex,Both sexes,BTSX,64.64,64.64,60.0-69.9,EN,2020-12-03T16:00:00.000Z,,,,,,,,,,,,,,,,,,
WPR,Western Pacific,VUT,Vanuatu,0.93 ,2019,Sex,Both sexes,BTSX,65.31,65.31,60.0-69.9,EN,2020-12-03T16:00:00.000Z,,,,,,,,,,,,,,,,,,
AMR,Americas,VEN,Venezuela (Bolivarian Republic of),117.14 ,2000,Sex,Both sexes,BTSX,74.09,74.09,70.0-79.9,EN,2020-12-03T16:00:00.000Z,,,,,,,,,,,,,,,,,,
AMR,Americas,VEN,Venezuela (Bolivarian Republic of),316.48 ,2010,Sex,Both sexes,BTSX,74.79,74.79,70.0-79.9,EN,2020-12-03T16:00:00.000Z,,,,,,,,,,,,,,,,,,
AMR,Americas,VEN,Venezuela (Bolivarian Republic of),..,2015,Sex,Both sexes,BTSX,74.66,74.66,70.0-79.9,EN,2020-12-03T16:00:00.000Z,,,,,,,,,,,,,,,,,,
AMR,Americas,VEN,Venezuela (Bolivarian Republic of),..,2019,Sex,Both sexes,BTSX,73.95,73.95,70.0-79.9,EN,2020-12-03T16:00:00.000Z,,,,,,,,,,,,,,,,,,
WPR,Western Pacific,VNM,Viet Nam,31.17 ,2000,Sex,Both sexes,BTSX,71.45,71.45,70.0-79.9,EN,2020-12-03T16:00:00.000Z,,,,,,,,,,,,,,,,,,
WPR,Western Pacific,VNM,Viet Nam,135.54 ,2010,Sex,Both sexes,BTSX,72.72,72.72,70.0-79.9,EN,2020-12-03T16:00:00.000Z,,,,,,,,,,,,,,,,,,
WPR,Western Pacific,VNM,Viet Nam,193.24 ,2015,Sex,Both sexes,BTSX,73.16,73.16,70.0-79.9,EN,2020-12-03T16:00:00.000Z,,,,,,,,,,,,,,,,,,
WPR,Western Pacific,VNM,Viet Nam,261.92 ,2019,Sex,Both sexes,BTSX,73.74,73.74,70.0-79.9,EN,2020-12-03T16:00:00.000Z,,,,,,,,,,,,,,,,,,
EMR,Eastern Mediterranean,YEM,Yemen,9.65 ,2000,Sex,Both sexes,BTSX,62.69,62.69,60.0-69.9,EN,2020-12-03T16:00:00.000Z,,,,,,,,,,,,,,,,,,
EMR,Eastern Mediterranean,YEM,Yemen,32.73 ,2010,Sex,Both sexes,BTSX,67.7,67.7,60.0-69.9,EN,2020-12-03T16:00:00.000Z,,,,,,,,,,,,,,,,,,
EMR,Eastern Mediterranean,YEM,Yemen,42.45 ,2015,Sex,Both sexes,BTSX,67.47,67.47,60.0-69.9,EN,2020-12-03T16:00:00.000Z,,,,,,,,,,,,,,,,,,
EMR,Eastern Mediterranean,YEM,Yemen,..,2019,Sex,Both sexes,BTSX,66.63,66.63,60.0-69.9,EN,2020-12-03T16:00:00.000Z,,,,,,,,,,,,,,,,,,
AFR,Africa,ZMB,Zambia,3.60 ,2000,Sex,Both sexes,BTSX,44.46,44.46,<50.0,EN,2020-12-03T16:00:00.000Z,,,,,,,,,,,,,,,,,,
AFR,Africa,ZMB,Zambia,23.46 ,2010,Sex,Both sexes,BTSX,56.67,56.67,50.0-59.9,EN,2020-12-03T16:00:00.000Z,,,,,,,,,,,,,,,,,,
AFR,Africa,ZMB,Zambia,21.25 ,2015,Sex,Both sexes,BTSX,60.5,60.5,60.0-69.9,EN,2020-12-03T16:00:00.000Z,,,,,,,,,,,,,,,,,,
AFR,Africa,ZMB,Zambia,23.31 ,2019,Sex,Both sexes,BTSX,62.45,62.45,60.0-69.9,EN,2020-12-03T16:00:00.000Z,,,,,,,,,,,,,,,,,,
AFR,Africa,ZWE,Zimbabwe,6.69 ,2000,Sex,Both sexes,BTSX,46.57,46.57,<50.0,EN,2020-12-03T16:00:00.000Z,,,,,,,,,,,,,,,,,,
AFR,Africa,ZWE,Zimbabwe,14.10 ,2010,Sex,Both sexes,BTSX,51.49,51.49,50.0-59.9,EN,2020-12-03T16:00:00.000Z,,,,,,,,,,,,,,,,,,
AFR,Africa,ZWE,Zimbabwe,19.96 ,2015,Sex,Both sexes,BTSX,58.48,58.48,50.0-59.9,EN,2020-12-03T16:00:00.000Z,,,,,,,,,,,,,,,,,,
AFR,Africa,ZWE,Zimbabwe,19.28 ,2019,Sex,Both sexes,BTSX,60.68,60.68,60.0-69.9,EN,2020-12-03T16:00:00.000Z,,,,,,,,,,,,,,,,,,
,,,,,,,,,,,,,,,,,,,,,,,,,,,,,,,
,,,,,,,,,,,,,,,,,,,,,,,,,,,,,,,
,,,,1000000000.00 ,,,,,,,,,,,,,,,,,,,,,,,,,,,
